ano_trimestre,mes_central,ocupados,desocupados,poblacion_en_edad_de_trabajar,fuerza_de_trabajo,personas_inactivas,ocupados_hombres,ocupados_mujeres,ocupados_chilenos,ocupados_extranjeros,ocupados_formales,ocupados_informales,ocupados_tiempo_parcial_involuntario,ocupados_sector_publico,ocupados_sector_no_publico,ocupados_educ_superior_cft,ocupados_educ_superior_ip,ocupados_educ_superior_universitaria,ocupados_ciuo_grupo_1_3,ocupados_ciuo_grupo_4_9,ocupados_ciuo_grupo_4_8,ocupados_ciuo_grupo_9,ocupados_ciuo_grupo_otros,sup_completa_ciuo_alta,sup_completa_ciuo_media_baja,sup_completa_ciuo_no_alta,tasa_participacion,tasa_ocupacion,tasa_desocupacion,tasa_informalidad_ocupacional,tasa_presion_laboral,tasa_su1,tasa_su2,tasa_su3,tasa_su4,ocupados_horas_1_30,ocupados_horas_31_44,ocupados_horas_31_39,ocupados_horas_40,ocupados_horas_41_44,ocupados_horas_45,ocupados_horas_46_o_m√°s,promedio_horas_habituales,promedio_horas_efectivas_presente,promedio_horas_efectivas_total
2010,7,7289221.0,671596.0,13304972.0,7960818.0,5344154.0,4418308.0,2870913.0,7172523.0,116698.0,0.0,0.0,856755.0,817709.0,6471512.0,179603.0,351420.0,1122538.0,1739292.0,5481335.0,3764923.0,1716412.0,68594.0,1204617.0,436092.0,448944.0,59.83,54.79,8.44,0.0,17.57,8.62,19.36,18.94,28.47,1519462.0,1416983.0,553625.0,479783.0,383575.0,1858957.0,2103303.0,42.7,39.7,39.7
2011,7,7684190.0,624358.0,13513926.0,8308548.0,5205378.0,4605833.0,3078357.0,7559326.0,124863.0,0.0,0.0,903986.0,795337.0,6888853.0,224890.0,412304.0,1209174.0,1917566.0,5706608.0,3855856.0,1850752.0,60016.0,1355100.0,477802.0,491269.0,61.48,56.86,7.51,0.0,16.3,7.67,18.53,16.82,26.61,1604183.0,1411740.0,570417.0,424970.0,416353.0,2161580.0,2081257.0,42.5,39.3,39.3
2012,7,7809889.0,546368.0,13719163.0,8356257.0,5362906.0,4656712.0,3153176.0,7674581.0,135308.0,0.0,0.0,838004.0,847348.0,6962541.0,192493.0,441333.0,1279591.0,1941986.0,5804032.0,4024442.0,1779590.0,63871.0,1407574.0,490663.0,505843.0,60.91,56.93,6.54,0.0,13.78,6.77,16.78,15.91,24.93,1571348.0,1721265.0,877317.0,416380.0,427567.0,2117185.0,1991243.0,42.4,39.1,39.1
2013,7,8008577.0,497518.0,13907448.0,8506095.0,5401353.0,4737459.0,3271118.0,7741451.0,267126.0,0.0,0.0,814465.0,853062.0,7155515.0,200265.0,469301.0,1374133.0,2095113.0,5849934.0,4014761.0,1835173.0,63530.0,1493590.0,533598.0,550109.0,61.16,57.58,5.85,0.0,12.72,6.07,15.62,14.42,23.12,1579309.0,1515559.0,665390.0,427683.0,422487.0,2533663.0,1935310.0,42.2,39.1,39.1
2014,7,8044549.0,589394.0,14096529.0,8633943.0,5462586.0,4714272.0,3330276.0,7757171.0,287378.0,0.0,0.0,784887.0,923212.0,7121337.0,238113.0,498675.0,1403254.0,2166834.0,5804515.0,3986270.0,1818245.0,73200.0,1576779.0,536704.0,563264.0,61.25,57.07,6.83,0.0,13.68,7.15,16.21,15.22,23.49,1604780.0,1624505.0,705403.0,424145.0,494958.0,2480770.0,1852241.0,41.9,38.7,38.7
2015,7,8250061.0,579058.0,14283926.0,8829119.0,5454807.0,4835352.0,3414709.0,7934736.0,315325.0,0.0,0.0,806779.0,950112.0,7299949.0,262905.0,535513.0,1523973.0,2278771.0,5895371.0,4091150.0,1804221.0,75918.0,1690248.0,599657.0,632142.0,61.81,57.76,6.56,0.0,13.22,6.81,15.92,15.11,23.41,1678765.0,1663997.0,693304.0,467333.0,503360.0,2629290.0,1786733.0,41.8,38.5,38.5
2016,7,8333200.0,634021.0,14485091.0,8967221.0,5517870.0,4870466.0,3462733.0,7920488.0,412712.0,0.0,0.0,855085.0,914672.0,7418527.0,240895.0,597276.0,1523820.0,2220284.0,6045661.0,4175434.0,1870227.0,67254.0,1701382.0,635849.0,660609.0,61.91,57.53,7.07,0.0,13.46,7.28,16.79,14.52,23.29,1744357.0,1513205.0,589017.0,441853.0,482335.0,2820022.0,1721677.0,41.1,38.0,38.0
2017,7,8573496.0,636166.0,14743176.0,9209662.0,5533514.0,4966026.0,3607470.0,7974511.0,598984.0,0.0,0.0,863753.0,992586.0,7580910.0,216017.0,656682.0,1643277.0,2482173.0,6061779.0,4420693.0,1641087.0,29544.0,1758527.0,742802.0,757449.0,62.47,58.15,6.91,0.0,13.02,7.24,16.58,14.44,23.06,1745441.0,1627218.0,682061.0,406754.0,538402.0,2934017.0,1759061.0,41.4,38.3,38.3
2018,7,8707194.0,728335.0,15069360.0,9435530.0,5633830.0,5061301.0,3645893.0,7964966.0,742228.0,6296606.0,2410589.0,835366.0,1048693.0,7658501.0,248930.0,670530.0,1760463.0,2467390.0,6203005.0,4501577.0,1701428.0,36800.0,1795358.0,866592.0,884566.0,62.61,57.78,7.72,27.69,14.08,7.98,16.81,14.55,22.75,1779877.0,1969352.0,1044564.0,387089.0,537700.0,2811092.0,1644281.0,41.3,37.9,37.9
2019,7,8928049.0,731395.0,15406713.0,9659444.0,5747269.0,5118786.0,3809263.0,8097059.0,830990.0,6408224.0,2519825.0,869124.0,1150135.0,7777914.0,248731.0,725732.0,1942507.0,2701946.0,6185186.0,4479316.0,1705870.0,40917.0,2006765.0,888145.0,910205.0,62.7,57.95,7.57,28.22,13.87,7.81,16.78,14.43,22.76,1880393.0,1663950.0,657543.0,381512.0,624895.0,3157955.0,1699841.0,41.1,38.1,38.1
2020,7,7191414.0,1065796.0,15729265.0,8257210.0,7472055.0,4230267.0,2961147.0,6425421.0,765993.0,5571262.0,1620151.0,527337.0,1124842.0,6066572.0,206776.0,725220.0,1845331.0,2411066.0,4747884.0,3486378.0,1261506.0,32463.0,1928121.0,830917.0,849207.0,52.5,45.72,12.91,22.53,17.81,13.12,19.49,29.01,34.21,1549548.0,1303902.0,330319.0,304372.0,669210.0,1985150.0,1145158.0,44.2,32.7,32.7
2021,7,8258775.0,771903.0,15939249.0,9030678.0,6908571.0,4859405.0,3399370.0,7287911.0,970865.0,6018168.0,2240607.0,501919.0,1084059.0,7174716.0,179525.0,822563.0,2062548.0,2624967.0,5591052.0,4129201.0,1461851.0,42756.0,2102176.0,944995.0,962460.0,56.66,51.81,8.55,27.13,13.66,8.99,14.52,17.98,22.96,1676006.0,1684335.0,520821.0,408832.0,754682.0,2952923.0,1256374.0,43.8,36.7,36.7
2022,7,8853293.0,762473.0,16095411.0,9615766.0,6479645.0,5099563.0,3753730.0,7878034.0,975260.0,6492904.0,2360389.0,453825.0,1120421.0,7732872.0,222279.0,813363.0,2198732.0,2850174.0,5961731.0,4370654.0,1591077.0,41388.0,2236533.0,974025.0,997842.0,59.74,55.01,7.93,26.66,13.0,8.28,12.98,15.39,19.73,1731232.0,1939769.0,608243.0,497239.0,834287.0,3248243.0,1367301.0,43.3,37.6,37.6
2023,7,9005443.0,890175.0,16244301.0,9895618.0,6348683.0,5116106.0,3889337.0,8006888.0,998555.0,6599226.0,2406217.0,502338.0,1172246.0,7833197.0,192624.0,910305.0,2431868.0,3073908.0,5898933.0,4398721.0,1500212.0,32602.0,2479419.0,1030755.0,1055379.0,60.92,55.44,9.0,26.72,15.36,9.38,14.44,17.1,21.73,1801578.0,2120395.0,633889.0,576765.0,909742.0,3106869.0,1405083.0,43.8,37.4,37.4
2024,7,9235064.0,902365.0,16394524.0,10137429.0,6257095.0,5246615.0,3988449.0,8209687.0,1025377.0,6687926.0,2547138.0,542920.0,1247777.0,7987287.0,219251.0,967407.0,2518441.0,3180665.0,6023937.0,4527275.0,1496662.0,30462.0,2565440.0,1118619.0,1139659.0,61.83,56.33,8.9,27.58,15.68,9.14,14.48,16.77,21.66,1892878.0,3990185.0,719618.0,871213.0,2399354.0,1406605.0,1381353.0,42.4,36.9,36.9
