ano_trimestre,mes_central,personas_ocupadas,personas_desocupadas,personas_fuera_fuerza_trabajo,personas_edad_trabajar,oc_hombres,oc_mujeres,oc_chile,oc_extranjero,oc_formal,oc_informal,oc_tpi,oc_sector_publico,oc_no_sector_publico,oc_sin_ed_basica,oc_ed_basica,oc_ed_media,oc_ed_sup,oc_ed_sup_cft,oc_ed_sup_ip,oc_ed_sup_univ,oc_calif_alta,oc_calif_media_baja,oc_calif_media,oc_calif_baja,oc_otra_calificacion,oc_ed_sup_compet_alta,oc_ed_sup_compet_media_baja,oc_ed_sup_compet_no_alta,oc_test_b1_ciuo88,oc_test_b1,oc_test_b1_int
2010,2,7156212,727475,9111505,13218219,4382553,2773659,7039885,116326,0,0,746344,779409,6376802,889481,1665376,3020711,1580643,168156,325579,1086908,1681993,5414944,3566276,1848667,59275,1158404,410039,422240,1681993,0,1681993
2010,3,7198777,697741,9114214,13235828,4403560,2795217,7076901,121876,0,0,764161,771673,6427104,893769,1697883,2995018,1612107,177574,330702,1103831,1721327,5415473,3550480,1864993,61977,1178478,420986,433630,1721327,0,1721327
2010,4,7181903,717914,9125933,13252845,4398206,2783697,7069884,112019,0,0,774819,797813,6384090,893390,1645071,3018546,1624896,168263,336654,1119980,1748252,5371396,3588654,1782741,62255,1186884,426792,438013,1748252,0,1748252
2010,5,7221575,684341,9135155,13270236,4416487,2805088,7106464,115112,0,0,789544,817792,6403784,877119,1678070,3030672,1635714,171458,342255,1122000,1731420,5421413,3670742,1750671,68742,1191648,432292,444066,1731420,0,1731420
2010,6,7256516,675072,9124623,13287404,4412861,2843655,7137314,119202,0,0,812600,818115,6438400,884988,1672918,3054154,1644456,176373,341731,1126353,1738630,5449364,3738929,1710435,68522,1202954,428399,441502,1738630,0,1738630
2010,7,7289221,671596,9111128,13304972,4418308,2870913,7172523,116698,0,0,856755,817709,6471512,874218,1702060,3059383,1653561,179603,351420,1122538,1739292,5481335,3764923,1716412,68594,1204617,436092,448944,1739292,0,1739292
2010,8,7389466,653452,9044691,13322178,4476459,2913007,7267291,122175,0,0,881648,810370,6579096,875857,1727596,3119521,1666492,180218,354038,1132235,1787346,5551304,3835050,1716255,50815,1219661,434583,446830,1787346,0,1787346
2010,9,7414430,628533,9060746,13339869,4490712,2923718,7295244,119186,0,0,862726,800574,6613856,869629,1729167,3157459,1658175,176048,360056,1122071,1790578,5571136,3850871,1720264,52717,1208773,437415,449401,1790578,0,1790578
2010,10,7503092,584320,9031796,13356955,4529957,2973135,7384984,118109,0,0,829626,788084,6715008,903482,1751124,3186904,1661582,178734,358862,1123987,1783808,5667192,3908365,1758828,52092,1202207,446933,459375,1783808,0,1783808
2010,11,7572318,588398,8974751,13374817,4560347,3011971,7451130,121188,0,0,815015,770517,6801801,925778,1754828,3205936,1685777,179005,366957,1139815,1792167,5722736,3891114,1831622,57415,1206705,466778,479071,1792167,0,1792167
2010,12,7615516,612294,8923304,13391933,4598005,3017512,7503991,111525,0,0,775566,762501,6853016,926202,1765727,3232573,1691014,186101,365812,1139102,1782734,5774200,3897400,1876800,58583,1206111,472762,484903,1782734,0,1782734
2011,1,7621030,612827,8933246,13409572,4622266,2998764,7512397,108633,0,0,735555,764556,6856474,920370,1777268,3236086,1687306,188652,359320,1139333,1795674,5761986,3867698,1894287,63371,1206800,466523,480506,1795674,0,1795674
2011,2,7623922,622445,8936453,13426839,4612403,3011519,7510179,113743,0,0,746641,754821,6869101,915792,1771642,3212302,1724186,195978,375249,1152959,1826699,5735922,3824082,1911840,61301,1244445,464122,479741,1826699,0,1826699
2011,3,7655096,594918,8948824,13444433,4618987,3036109,7542154,112942,0,0,805598,761104,6893992,915442,1781768,3195126,1762760,201715,381986,1179059,1853588,5738372,3835782,1902590,63136,1266927,477222,495833,1853588,0,1853588
2011,4,7665522,604074,8944745,13461548,4597254,3068268,7547163,118359,0,0,862429,769833,6895689,908890,1770366,3178330,1807937,213197,403208,1191532,1908363,5695632,3845110,1850522,61528,1312458,477525,495478,1908363,0,1908363
2011,5,7698543,598396,8933457,13479195,4614243,3084301,7575436,123107,0,0,895341,783482,6915062,897668,1754263,3196716,1849897,222602,415142,1212152,1946909,5694453,3882062,1812392,57181,1341489,491807,508408,1946909,0,1946909
2011,6,7659427,625815,8960950,13496488,4587375,3072051,7532089,127337,0,0,890987,779076,6880351,914673,1721868,3190359,1832526,223542,423545,1185438,1927854,5672352,3859163,1813189,59220,1341009,476896,491516,1927854,0,1927854
2011,7,7684190,624358,8953586,13513926,4605833,3078357,7559326,124863,0,0,903986,795337,6888853,906259,1701044,3230517,1846369,224890,412304,1209174,1917566,5706608,3855856,1850752,60016,1355100,477802,491269,1917566,0,1917566
2011,8,7688406,634756,8954619,13530963,4604094,3084312,7570453,117953,0,0,895681,800834,6887572,893958,1712164,3260419,1821865,211988,417396,1192481,1884370,5739628,3890419,1849209,64408,1332768,475688,489097,1884370,0,1884370
2011,9,7703136,618883,8971670,13548290,4600214,3102922,7582994,120142,0,0,897616,804934,6898202,891241,1728973,3255642,1827280,213127,416662,1197492,1884731,5754438,3884552,1869886,63967,1341379,472801,485902,1884731,0,1884731
2011,10,7716851,610558,8981873,13565238,4611196,3105655,7593058,123793,0,0,864810,824489,6892363,899398,1739538,3254979,1822937,213094,427483,1182359,1872792,5775451,3892539,1882911,68608,1328693,478832,494244,1872792,0,1872792
2011,11,7786902,569453,8968968,13582706,4641743,3145159,7667674,119228,0,0,816164,839780,6947122,904203,1749083,3267390,1866226,220989,442080,1203157,1892861,5821822,3905452,1916371,72218,1358235,490753,507991,1892861,0,1892861
2011,12,7816553,575161,8949240,13599728,4676679,3139874,7699005,117549,0,0,772062,845631,6970923,899695,1740709,3295999,1880150,217382,443353,1219416,1930694,5817072,3875838,1941234,68788,1379536,483035,500615,1930694,0,1930694
2012,1,7874074,549952,8932781,13617057,4719320,3154754,7749194,124879,0,0,733049,844048,7030026,906614,1748199,3313887,1905374,216432,448769,1240173,1960856,5845918,3874036,1971882,67300,1407958,480613,497416,1960856,0,1960856
2012,2,7844776,572122,8955520,13634047,4719553,3125223,7715946,128829,0,0,739816,837449,7007326,919987,1715930,3305818,1903040,209862,441024,1252154,1983673,5793466,3833512,1959953,67637,1429208,458105,473832,1983673,0,1983673
2012,3,7850458,569498,8968325,13651321,4708208,3142250,7726489,123969,0,0,751040,840372,7010086,916367,1716735,3314713,1902644,207532,446727,1248385,1978698,5801559,3879144,1922414,70202,1417996,469681,484648,1978698,0,1978698
2012,4,7838273,584710,8981112,13668447,4695277,3142997,7712228,126045,0,0,789136,856677,6981596,891896,1711606,3309729,1925042,209577,452172,1263293,1979299,5790243,3909055,1881188,68731,1420410,491120,504633,1979299,0,1979299
2012,5,7819530,568840,9031648,13685792,4662022,3157508,7693815,125715,0,0,810847,858982,6960548,857282,1721926,3322111,1918212,208790,452726,1256696,1975313,5778768,3963402,1815367,65448,1405187,498188,513025,1975313,0,1975313
2012,6,7809455,557666,9068518,13702811,4652376,3157078,7676160,133295,0,0,822431,862451,6947004,845850,1714269,3336829,1912506,203893,443297,1265316,1957868,5782786,3992584,1790202,68801,1405175,490584,507331,1957868,0,1957868
2012,7,7809889,546368,9094199,13719163,4656712,3153176,7674581,135308,0,0,838004,847348,6962541,838800,1708174,3349498,1913416,192493,441333,1279591,1941986,5804032,4024442,1779590,63871,1407574,490663,505843,1941986,0,1941986
2012,8,7874075,554273,9035976,13734654,4692171,3181904,7740106,133969,0,0,827126,856012,7018064,847393,1708774,3377653,1940255,185647,455455,1299154,1963571,5847153,4053090,1794063,63352,1415210,509789,525046,1963571,0,1963571
2012,9,7889402,566090,9022926,13750410,4691860,3197542,7757599,131803,0,0,835079,856017,7033385,853291,1709619,3364671,1961821,190111,454498,1317213,2003864,5823102,4057832,1765270,62436,1439243,505811,522578,2003864,0,2003864
2012,10,7924594,538211,9029595,13766030,4712727,3211866,7804313,120281,0,0,831434,852568,7072026,869240,1702967,3372277,1980110,196589,454471,1329050,2040172,5819902,4035861,1784041,64520,1455207,505910,524902,2040172,0,2040172
2012,11,7952257,527858,9026517,13781867,4732039,3220218,7840330,111927,0,0,794198,850740,7101517,874227,1716378,3377940,1983712,196281,451342,1336089,2042427,5844849,4006391,1838459,64981,1478408,486539,505304,2042427,0,2042427
2012,12,7998630,521387,9000445,13797331,4772271,3226359,7888305,110325,0,0,771446,846153,7152477,881916,1734849,3418716,1963149,198671,442882,1321596,2020609,5913926,3998748,1915178,64095,1443184,501796,519965,2020609,0,2020609
2013,1,7993297,542425,8998929,13813215,4769155,3224142,7884825,108472,0,0,707949,849092,7144205,865208,1741283,3433006,1953801,196227,440986,1316587,1990218,5924020,4009374,1914646,79059,1424909,497691,528891,1990218,0,1990218
2013,2,7990686,548754,9009087,13828718,4757971,3232715,7865871,124815,0,0,718028,829686,7160999,867201,1738940,3402565,1981980,203793,453793,1324393,1984624,5929937,4011563,1918374,76125,1428815,522329,553165,1984624,0,1984624
2013,3,8019067,561055,8982626,13844590,4765758,3253309,7767638,251428,0,0,722362,834022,7185044,865619,1712107,3420585,2020756,203131,457269,1360356,2006746,5935917,4022610,1913307,76403,1467348,522095,553408,2006746,0,2006746
2013,4,8018269,561204,8997237,13860181,4751819,3266451,7765255,253015,0,0,763038,824838,7193431,849277,1709249,3416350,2043394,199792,466353,1377249,2080364,5875171,4003130,1872041,62735,1498221,524155,545173,2080364,0,2080364
2013,5,8004246,534576,9051985,13875929,4735198,3269048,7743092,261154,0,0,795632,835083,7169162,827229,1698949,3443889,2034179,201828,468377,1363974,2085954,5858571,4015775,1842796,59720,1487085,527495,547094,2085954,0,2085954
2013,6,7986815,499248,9118684,13891495,4725249,3261566,7729897,256918,0,0,798956,839891,7146924,809376,1685390,3436270,2055779,203525,475263,1376991,2120501,5804487,3998214,1806273,61827,1514717,522836,541062,2120501,0,2120501
2013,7,8008577,497518,9113212,13907448,4737459,3271118,7741451,267126,0,0,814465,853062,7155515,809840,1674822,3480216,2043699,200265,469301,1374133,2095113,5849934,4014761,1835173,63530,1493590,533598,550109,2095113,0,2095113
2013,8,8010843,498702,9124313,13923097,4739223,3271620,7745168,265674,0,0,797914,861367,7149476,801826,1667589,3494419,2047009,203095,459195,1384719,2108548,5839866,4042062,1797804,62429,1505387,525906,541623,2108548,0,2108548
2013,9,8029597,508228,9110641,13938841,4740530,3289068,7761926,267671,0,0,799507,893476,7136121,807229,1676070,3458156,2088143,197023,482344,1408775,2151187,5816446,4030029,1786416,61964,1547265,523908,540878,2151187,0,2151187
2013,10,8067127,502601,9093368,13954615,4749541,3317586,7795804,271323,0,0,806199,889765,7177363,804001,1706949,3460965,2095213,203489,485775,1405950,2149954,5853023,4072222,1780801,64151,1554043,521470,541170,2149954,0,2149954
2013,11,8149389,500090,9028433,13970560,4798085,3351304,7881957,267432,0,0,809932,893953,7255436,828711,1726786,3486897,2106995,204676,480595,1421724,2141442,5941499,4102760,1838739,66448,1556057,530021,550937,2141442,0,2141442
2013,12,8170961,543008,8978424,13986099,4826009,3344952,7905760,265201,0,0,792028,870781,7300180,810683,1722680,3528907,2108691,213035,473714,1421942,2128706,5975170,4100644,1874527,67084,1552174,533962,556517,2128706,0,2128706
2014,1,8202890,540769,8963544,14002110,4844715,3358175,7942155,260735,0,0,750080,872517,7330373,816816,1738427,3535819,2111827,215905,480966,1414957,2124863,6005000,4093841,1911160,73027,1550753,538146,561074,2124863,0,2124863
2014,2,8156196,566673,8998824,14017656,4810638,3345558,7895080,261116,0,0,722269,866428,7289768,827308,1720181,3517268,2091439,217015,477128,1397295,2126653,5957272,4054641,1902631,72271,1540914,528114,550525,2126653,0,2126653
2014,3,8181309,535578,9019548,14033560,4804186,3377123,7911120,270189,0,0,742469,884735,7296574,844329,1742042,3508660,2086278,216145,484689,1385445,2137424,5972307,4063354,1908954,71578,1547251,518134,539028,2137424,0,2137424
2014,4,8155971,550626,9044447,14049294,4788463,3367508,7873219,282752,0,0,803655,895201,7260770,826615,1715929,3519347,2094080,221040,480306,1392733,2144903,5940079,4084311,1855768,70989,1564250,506463,529830,2144903,0,2144903
2014,5,8120437,566179,9079063,14065044,4769673,3350764,7830883,289554,0,0,833406,906357,7214079,813033,1709366,3495398,2102640,224416,482798,1395426,2149107,5901175,4069474,1831701,70155,1561887,517607,540752,2149107,0,2149107
2014,6,8084993,570772,9124520,14080765,4733354,3351638,7795124,289869,0,0,813564,916304,7168688,787177,1677736,3507048,2113031,233027,492970,1387034,2135710,5878617,4071646,1806971,70665,1551308,537273,561723,2135710,0,2135710
2014,7,8044549,589394,9161354,14096529,4714272,3330276,7757171,287378,0,0,784887,923212,7121337,782666,1653621,3468219,2140042,238113,498675,1403254,2166834,5804515,3986270,1818245,73200,1576779,536704,563264,2166834,0,2166834
2014,8,8088721,586492,9135282,14112050,4717766,3370955,7798295,290427,0,0,791549,927908,7160813,775675,1652117,3501699,2159231,235072,506974,1417185,2177621,5835217,4049858,1785358,75883,1587497,538949,571733,2177621,0,2177621
2014,9,8137947,571671,9116234,14127638,4750666,3387280,7852279,285668,0,0,795307,935055,7202891,786122,1644090,3507045,2200690,241626,522529,1436535,2194422,5865892,4072610,1793282,77633,1607909,556583,592780,2194422,0,2194422
2014,10,8207692,543900,9089567,14143196,4804973,3402719,7924208,283484,0,0,781401,922778,7284914,803098,1666450,3515597,2222547,256148,531540,1434859,2179829,5954500,4137135,1817365,73364,1604956,583551,617591,2179829,0,2179829
2014,11,8249620,545809,9061152,14158925,4840413,3409207,7968535,281086,0,0,752092,939751,7309869,815826,1690845,3521904,2221045,259922,529271,1431851,2174792,5999945,4119282,1880663,74883,1602533,584890,618512,2174792,0,2174792
2014,12,8259158,548421,9064169,14174318,4876338,3382820,7971298,287860,0,0,713171,943636,7315522,809376,1704527,3535690,2209565,254777,526811,1427978,2171402,6012195,4155633,1856561,75561,1588410,588464,621155,2171402,0,2171402
2015,1,8263091,547608,9076531,14190084,4878599,3384492,7971927,291164,0,0,680723,953516,7309575,803650,1710779,3537135,2211527,248205,523401,1439921,2174759,6008770,4145653,1863117,79562,1590985,583203,620542,2174759,0,2174759
2015,2,8232200,546834,9123422,14205568,4887837,3344363,7943298,288902,0,0,686482,953859,7278341,798692,1689112,3525767,2218629,252147,524887,1441595,2158549,5992890,4130522,1862368,80761,1580673,602525,637956,2158549,0,2158549
2015,3,8230255,558606,9128940,14221204,4870905,3359350,7937793,292462,0,0,702378,934462,7295794,788459,1675032,3545725,2221040,259484,519560,1441996,2130015,6021688,4143228,1878461,78552,1562701,624633,658338,2130015,0,2130015
2015,4,8211794,594562,9126734,14236737,4856934,3354860,7930762,281032,0,0,739195,925913,7285881,784220,1654663,3529644,2243268,260306,529444,1453518,2149550,5988284,4156479,1831805,73960,1581317,632853,661951,2149550,0,2149550
2015,5,8215613,587165,9145648,14252333,4838627,3376987,7922229,293385,0,0,743416,940004,7275610,772899,1662075,3522628,2258011,262482,537173,1458356,2191244,5948202,4145638,1802564,76167,1619929,607928,638082,2191244,0,2191244
2015,6,8220826,589556,9153408,14267926,4839300,3381526,7920476,300350,0,0,769630,934786,7286041,770047,1663339,3500736,2286705,270246,537946,1478512,2243749,5902214,4103127,1799087,74863,1652352,604092,634353,2243749,0,2243749
2015,7,8250061,579058,9150447,14283926,4835352,3414709,7934736,315325,0,0,806779,950112,7299949,780239,1656242,3491191,2322390,262905,535513,1523973,2278771,5895371,4091150,1804221,75918,1690248,599657,632142,2278771,0,2278771
2015,8,8302039,581327,9112331,14300293,4868855,3433184,7968763,333276,0,0,817447,949935,7352104,774884,1662065,3530942,2334148,260831,533370,1539947,2288088,5940774,4133613,1807161,73177,1694395,608739,639753,2288088,0,2288088
2015,9,8312069,572641,9127459,14317039,4863841,3448229,7968124,343945,0,0,807532,960448,7351621,767827,1672795,3529626,2341822,267826,539572,1534424,2275172,5966765,4147667,1819097,70133,1688763,626115,653059,2275172,0,2275172
2015,10,8359292,550142,9118986,14333482,4890005,3469286,8009615,349676,0,0,776058,946622,7412670,780100,1687481,3548302,2343409,264493,547683,1531232,2264930,6026195,4155624,1870571,68167,1679257,640337,664152,2264930,0,2264930
2015,11,8428470,525644,9090638,14350092,4914743,3513726,8074802,353668,0,0,743411,921914,7506556,788149,1705028,3587933,2347359,265117,552976,1529266,2219353,6142075,4195088,1946987,67042,1663117,659431,684242,2219353,0,2219353
2015,12,8452067,531603,9077494,14366762,4959315,3492752,8088267,363800,0,0,740747,915581,7536486,802035,1705033,3601722,2343276,261470,556223,1525583,2195852,6180767,4158327,2022441,75448,1657328,659428,685949,2195852,0,2195852
2016,1,8417125,541663,9118656,14383305,4968034,3449091,8047848,369277,0,0,730354,895407,7521718,804606,1679811,3617001,2315707,260669,556134,1498904,2163392,6182255,4159489,2022765,71478,1645119,645533,670588,2163392,0,2163392
2016,2,8360572,580308,9152698,14399681,4941940,3418631,7991148,369424,0,0,740573,891847,7468725,799209,1673990,3572935,2314438,262990,562908,1488540,2149342,6141861,4133554,2008307,69369,1634919,655671,679519,2149342,0,2149342
2016,3,8376229,592397,9141453,14416479,4931879,3444350,7992480,383749,0,0,742870,894289,7481940,800079,1680741,3583459,2311949,243248,562878,1505823,2138841,6171269,4195880,1975389,66119,1632258,653616,679692,2138841,0,2138841
2016,4,8350311,631144,9144807,14432861,4877464,3472847,7948577,401734,0,0,786402,912699,7437612,791950,1684094,3555289,2318978,242363,579238,1497377,2147998,6134783,4185498,1949285,67530,1632808,658600,686169,2147998,0,2147998
2016,5,8337421,629285,9175865,14449464,4863865,3473556,7922133,415288,0,0,832947,934654,7402767,780417,1650724,3553972,2352308,240455,591494,1520359,2180769,6085353,4181955,1903398,71299,1669440,654963,682868,2180769,0,2180769
2016,6,8336229,653278,9169411,14466036,4858057,3478172,7911223,425006,0,0,864899,926690,7409539,791281,1642866,3539449,2362633,238809,596158,1527665,2218429,6047024,4157000,1890024,70777,1696244,639279,666389,2218429,0,2218429
2016,7,8333200,634021,9210499,14485091,4870466,3462733,7920488,412712,0,0,855085,914672,7418527,789416,1614667,3567126,2361991,240895,597276,1523820,2220284,6045661,4175434,1870227,67254,1701382,635849,660609,2220284,0,2220284
2016,8,8378381,633608,9186709,14506329,4891117,3487264,7949093,429288,0,0,838976,923608,7454774,796804,1629045,3590427,2362105,230413,605103,1526589,2219125,6093508,4205470,1888038,65748,1699156,637924,662949,2219125,0,2219125
2016,9,8393722,600916,9225112,14527620,4891319,3502403,7961716,432006,0,0,842761,922703,7471019,792090,1635019,3634941,2331672,220211,606003,1505458,2199546,6133656,4228293,1905363,60519,1682335,627900,649337,2199546,0,2199546
2016,10,8467097,579274,9194311,14548817,4927726,3539370,8001663,465434,0,0,844995,934249,7532848,795868,1646128,3671186,2353914,226928,614824,1512162,2210691,6194047,4256241,1937806,62359,1683516,647988,670398,2210691,0,2210691
2016,11,8500710,561921,9199029,14570045,4932162,3568548,8018229,482482,0,0,827195,914205,7586505,813464,1660742,3680612,2345892,227447,623577,1494868,2200653,6241223,4253621,1987602,58835,1661443,663479,684450,2200653,0,2200653
2016,12,8534552,580576,9167587,14591337,4962960,3571592,8035534,499018,0,0,784062,890864,7643688,820529,1684869,3679375,2349779,231005,635136,1483638,2196761,6280403,4267720,2012684,57387,1658685,671642,691094,2196761,0,2196761
2017,1,8485700,616330,9201705,14612643,4949121,3536579,7990156,495544,0,0,755909,894996,7590703,810244,1666228,3678108,2331120,227172,639201,1464747,2181200,6248235,4244078,2004157,56265,1640930,673782,690190,2181200,0,2181200
2017,2,8484447,642562,9197658,14633845,4988918,3495529,7980691,503757,0,0,773746,902598,7581850,792169,1654836,3684611,2352831,232441,633141,1487250,2299054,6150888,4375397,1775491,34505,1617365,720715,735466,2221782,2299054,2299054
2017,3,8499904,647448,9198414,14655169,4978167,3521737,7976694,523210,0,0,799770,948516,7551388,788330,1619505,3695976,2396092,226565,646736,1522792,2341897,6119541,4396270,1723270,38466,1643898,731160,752194,2246170,2341897,2341897
2017,4,8535210,674754,9156750,14676365,4989452,3545758,7974826,560384,0,0,815319,963406,7571804,753451,1624172,3716516,2441071,229004,650654,1561412,2361378,6140093,4473911,1666182,33739,1671236,751001,769835,2287139,2361378,2361378
2017,5,8524137,672506,9191115,14697658,4969380,3554757,7957967,566170,0,0,802293,990711,7533426,744409,1587075,3727482,2465171,225643,646366,1593161,2395059,6095560,4454147,1641413,33518,1694712,751602,770458,2305597,2395059,2395059
2017,6,8537398,664048,9207265,14718872,4963054,3574343,7965471,571927,0,0,836068,982132,7555266,725117,1575089,3736419,2500772,224542,657394,1618836,2437145,6072688,4442315,1630373,27564,1718948,768623,781824,2360947,2437145,2437145
2017,7,8573496,636166,9223488,14743176,4966026,3607470,7974511,598984,0,0,863753,992586,7580910,731893,1593316,3732311,2515976,216017,656682,1643277,2482173,6061779,4420693,1641087,29544,1758527,742802,757449,2378198,2482173,2482173
2017,8,8613093,647829,9199775,14770248,4977295,3635798,7989523,623570,6155307,2457786,890588,990330,7622763,720862,1622798,3723900,2545533,222107,665163,1658263,2474808,6107663,4439787,1667876,30622,1765900,764642,779632,2400072,2474808,2474808
2017,9,8622704,647495,9218215,14797389,4993776,3628928,7969236,653468,6125851,2496852,891193,1003490,7619213,720319,1628207,3714896,2559282,230436,654446,1674400,2456580,6135286,4466529,1668757,30837,1767580,778664,791701,2384594,2456580,2456580
2017,10,8712681,626062,9177339,14824509,5024248,3688433,8043827,668855,6144476,2568205,876150,1008464,7704217,739703,1625768,3776859,2570351,239769,651483,1679099,2450471,6230454,4514890,1715564,31757,1749242,808382,821109,2416297,2450471,2450471
2017,11,8768667,610856,9164344,14851798,5057824,3710843,8081953,686714,6171223,2597444,836059,1023986,7744681,746730,1614003,3804739,2603196,249877,653948,1699370,2443779,6290877,4568039,1722837,34011,1745403,842903,857792,2409384,2443779,2443779
2017,12,8793923,644193,9133352,14878816,5076960,3716963,8118725,675198,6236821,2557102,792114,1023831,7770092,744032,1629769,3829276,2590845,246988,643857,1700001,2427898,6328779,4513287,1815492,37246,1723677,849110,867168,2386343,2427898,2427898
2018,1,8787080,662415,9149579,14905915,5100373,3686707,8102333,684746,6249509,2537571,764979,1019841,7767239,740451,1633013,3816229,2597387,248638,636395,1712354,2410668,6345225,4502138,1843088,31186,1736137,845897,861250,2338664,2410668,2410668
2018,2,8759081,697528,9170143,14933086,5089332,3669749,8058686,700395,6251707,2507374,762030,1000787,7758294,738025,1610031,3799186,2611839,249823,638975,1723041,2428846,6296607,4459801,1836807,33627,1766681,830978,845158,2348234,2428846,2428846
2018,3,8781084,660312,9213100,14960269,5101258,3679826,8058798,722285,6282374,2498710,773988,1017434,7763649,752399,1596330,3810550,2621805,251168,636370,1734268,2443941,6305732,4514949,1790783,31410,1794985,812862,826820,2368290,2443941,2443941
2018,4,8766651,698678,9216920,14987447,5091390,3675261,8041767,724885,6288590,2478061,825649,1027679,7738973,733198,1581651,3800714,2651089,247805,650214,1753070,2473640,6258045,4520147,1737897,34967,1818900,815478,832189,2433370,2473640,2473640
2018,5,8755549,711313,9243102,15014649,5088923,3666625,8025134,730414,6301187,2454362,850484,1047375,7708173,708613,1564486,3811222,2671227,243010,651196,1777021,2486723,6232827,4526630,1706197,35999,1819801,833111,851427,2442488,2486723,2486723
2018,6,8708738,742228,9286559,15041679,5069650,3639088,7976592,732146,6288211,2420526,867014,1059445,7649293,689526,1540612,3794145,2684454,247857,656522,1780075,2484863,6186103,4492193,1693909,37772,1823507,841353,860947,2432774,2484863,2484863
2018,7,8707194,728335,9330741,15069360,5061301,3645893,7964966,742228,6296606,2410589,835366,1048693,7658501,691920,1531847,3803504,2679924,248930,670530,1760463,2467390,6203005,4501577,1701428,36800,1795358,866592,884566,2378025,2467390,2467390
2018,8,8710908,703266,9381798,15097475,5058289,3652618,7970855,740052,6295183,2415725,835751,1048517,7662390,680814,1540592,3783646,2705856,254003,680261,1771591,2497603,6176442,4484540,1691902,36863,1826355,859925,879500,2392891,2497603,2497603
2018,9,8773836,702367,9349487,15125725,5070851,3702986,8006430,767406,6268567,2505269,859161,1043289,7730547,675882,1575665,3789723,2732567,259071,677246,1796249,2544894,6192606,4515378,1677228,36336,1852510,862186,880057,2432016,2544894,2544894
2018,10,8828991,696415,9329927,15153834,5083802,3745189,8048341,780650,6243837,2585154,890590,1045717,7783274,690758,1605235,3784449,2748549,257792,672552,1818206,2562660,6230469,4511951,1718518,35863,1869644,860094,878905,2469692,2562660,2562660
2018,11,8914248,686084,9284710,15182093,5136299,3777950,8113635,800613,6320470,2593779,889571,1063528,7850720,699702,1607291,3840358,2766898,261158,665008,1840732,2546180,6326051,4550092,1775959,42017,1866020,878776,900877,2484544,2546180,2546180
2018,12,8927952,685390,9301113,15209999,5156616,3771335,8117403,810549,6374750,2553201,848169,1046857,7881094,704495,1584749,3846421,2792287,269015,662899,1860373,2521976,6366776,4527593,1839183,39199,1860007,911757,932280,2462851,2521976,2521976
2019,1,8907637,673999,9362530,15238230,5180812,3726825,8101390,806248,6422255,2485382,791684,1041237,7866401,687276,1584509,3854907,2780946,263358,672661,1844927,2511058,6354511,4542117,1812395,42068,1853805,904647,927141,2430587,2511058,2511058
2019,2,8879110,692638,9402100,15266347,5164368,3714742,8076027,803083,6400127,2478983,783822,1036980,7842130,679330,1573429,3827489,2798862,258377,681656,1858828,2538459,6305458,4514186,1791271,35194,1874532,906351,924329,2412644,2538459,2538459
2019,3,8916017,681040,9406442,15294556,5170534,3745483,8106144,809873,6418023,2497994,805265,1061518,7854499,666769,1559461,3832405,2857382,263443,705025,1888914,2558369,6316934,4575239,1741695,40714,1894089,940702,963293,0,2558369,2558369
2019,4,8925275,695825,9412040,15322644,5143409,3781866,8098279,826996,6425164,2500111,844199,1085454,7839820,654050,1566360,3808753,2896111,261469,710752,1923890,2593354,6291489,4532232,1759258,40431,1932556,941454,963555,0,2593354,2593354
2019,5,8922608,697850,9442501,15350992,5119782,3802826,8093418,829189,6412001,2510607,864023,1101357,7821251,653049,1556582,3819942,2893035,257376,713352,1922307,2633688,6244260,4497745,1746515,44660,1977978,890886,915057,0,2633688,2633688
2019,6,8910558,727546,9454311,15378955,5112283,3798275,8094925,815633,6405836,2504722,877826,1142119,7768439,640254,1570927,3787611,2911766,242312,732536,1936917,2663042,6208523,4493674,1714850,38993,2000511,889986,911255,0,2663042,2663042
2019,7,8928049,731395,9462407,15406713,5118786,3809263,8097059,830990,6408224,2519825,869124,1150135,7777914,642150,1570621,3798307,2916971,248731,725732,1942507,2701946,6185186,4479316,1705870,40917,2006765,888145,910205,0,2701946,2701946
2019,8,9000091,712653,9438288,15433915,5167774,3832317,8141710,858381,6470637,2529454,873480,1139883,7860208,654764,1562275,3809044,2974007,251669,739163,1983175,2749853,6213646,4527289,1686358,36591,2047106,907529,926901,0,2749853,2749853
2019,9,8994360,691688,9494456,15461363,5182047,3812313,8110575,883785,6425274,2569087,885123,1106090,7888270,668806,1570363,3827018,2928173,250842,740053,1937279,2716174,6241460,4521070,1720390,36726,2026892,882720,901281,0,2716174,2716174
2019,10,9045363,676684,9487503,15488454,5216910,3828453,8145837,899525,6414344,2631019,892707,1107116,7938247,687893,1551643,3814883,2990943,274289,749829,1966825,2753022,6257924,4522525,1735398,34418,2093504,879943,897439,0,2753022,2753022
2019,11,9087132,690619,9461181,15515853,5234266,3852866,8175785,911347,6423812,2663321,905532,1116649,7970483,683295,1579382,3830519,2993936,267151,753484,1973301,2767618,6283644,4458948,1824696,35871,2088862,885935,905073,0,2767618,2767618
2019,12,9115641,733045,9419497,15543054,5236123,3879518,8207485,908156,6458793,2656848,839404,1093238,8022403,753240,1615984,3822350,2924067,254537,749604,1919926,2709738,6372412,4528936,1843475,33492,2016623,888992,907444,0,2709738,2709738
2020,1,9063374,767871,9466179,15570352,5225730,3837644,8166047,897327,6432777,2630597,768929,1097209,7966164,798701,1581818,3788223,2894632,222431,756420,1915781,2631979,6393005,4582942,1810063,38389,1945963,928444,948670,0,2631979,2631979
2020,2,8942425,801805,9582388,15597572,5198320,3744104,8037574,904851,6361969,2580455,689727,1099957,7842467,799735,1539174,3738066,2865450,225804,736376,1903270,2566341,6340340,4597161,1743179,35744,1899660,947607,965790,0,2566341,2566341
2020,3,8235931,814727,10305198,15624834,4840735,3395196,7386003,849927,6069404,2166527,591222,1090031,7145900,655147,1347304,3416729,2816751,211219,736226,1869305,2503424,5697135,4136692,1560443,35373,1921456,877560,895294,0,2503424,2503424
2020,4,7450523,940361,10994216,15652082,4417801,3032721,6696446,754076,5696061,1754462,551425,1078694,6371829,512300,1170403,3080011,2687808,195111,701100,1791597,2398524,5021449,3697966,1323482,30550,1875460,793987,812348,0,2398524,2398524
2020,5,7142568,994130,11277732,15679416,4231848,2910721,6406880,735688,5545343,1597225,522974,1092077,6050491,443897,1082896,2939358,2676418,191881,687596,1796941,2398456,4712659,3489631,1223028,31453,1888574,767877,787844,0,2398456,2398456
2020,6,7073193,1065447,11305032,15706605,4173934,2899259,6343025,730167,5495508,1577684,540598,1110846,5962346,404718,1071908,2895657,2700910,197812,686602,1816495,2388081,4652245,3436348,1215897,32867,1895787,783278,805123,0,2388081,2388081
2020,7,7191414,1065796,11210402,15729265,4230267,2961147,6425421,765993,5571262,1620151,527337,1124842,6066572,396820,1073220,2944045,2777328,206776,725220,1845331,2411066,4747884,3486378,1261506,32463,1928121,830917,849207,0,2411066,2411066
2020,8,7365055,1037582,11083210,15746866,4332794,3032261,6598224,766831,5635106,1729949,534114,1136267,6228788,417263,1117132,2990747,2839913,210206,770182,1859525,2438888,4889750,3586071,1303679,36417,1951265,870912,888649,0,2438888,2438888
2020,9,7667659,1003911,10832602,15764525,4531061,3136598,6847344,820315,5741385,1926274,542410,1129474,6538185,439556,1171429,3118384,2938290,227578,797916,1912796,2517620,5110195,3757586,1352609,39845,2028194,890745,910096,0,2517620,2517620
2020,10,7916724,954352,10651442,15782138,4701328,3215395,7046840,869884,5804444,2112280,541944,1129996,6786728,459060,1204821,3243981,3008861,218225,825137,1965499,2584509,5288933,3862533,1426400,43282,2073952,910049,934909,0,2584509,2584509
2020,11,8026217,920263,10594451,15799928,4773744,3252472,7124560,901656,5860908,2165309,525195,1135205,6891011,471093,1229429,3330070,2995625,216076,810212,1969337,2550291,5430109,3929312,1500797,45817,2065578,900512,930047,0,2550291,2550291
2020,12,8121420,925214,10512665,15817719,4816037,3305383,7229895,891525,5921770,2199650,518656,1128763,6992657,504442,1232049,3384048,3000880,191268,792478,2017135,2573069,5502119,3972495,1529624,46231,2052752,918064,948128,0,2573069,2573069
2021,1,8167623,938324,10471653,15835398,4833886,3333737,7260603,907020,6006452,2161171,503606,1117239,7050384,503712,1272033,3421817,2970061,183299,800417,1986345,2550094,5569011,4015953,1553058,48519,2026091,918976,943970,0,2550094,2550094
2021,2,8148206,941088,10506543,15853046,4826056,3322150,7216709,931496,5973674,2174531,504807,1102101,7046105,514106,1270866,3415259,2947975,191666,795786,1960523,2543144,5557566,3987725,1569840,47496,2015722,907664,932253,0,2543144,2543144
2021,3,8104129,924974,10585028,15870679,4802906,3301222,7157497,946632,5980572,2123557,483367,1082985,7021144,500384,1261751,3367742,2974252,195501,818764,1959986,2541891,5512679,3988066,1524613,49560,2030798,917888,943453,0,2541891,2541891
2021,4,8041110,897161,10694289,15888394,4746478,3294632,7104294,936816,5942678,2098432,487659,1072747,6968363,481769,1229968,3338798,2990575,192162,809829,1988583,2564533,5427529,3942057,1485472,49049,2052129,911554,938446,0,2564533,2564533
2021,5,8041191,843758,10765899,15906102,4739490,3301701,7107945,933246,5953391,2087800,493663,1048695,6992497,468891,1223899,3341852,3006550,181560,807647,2017343,2579962,5416372,3988405,1427966,44857,2058066,928333,948484,0,2579962,2579962
2021,6,8148948,799380,10720829,15923835,4797207,3351741,7192230,956718,5957613,2191335,523026,1076482,7072465,475644,1242061,3392112,3039130,185441,812763,2040926,2603777,5499757,4044998,1454759,45414,2086534,934072,952596,0,2603777,2603777
2021,7,8258775,771903,10653976,15939249,4859405,3399370,7287911,970865,6018168,2240607,501919,1084059,7174716,506270,1258304,3429564,3064637,179525,822563,2062548,2624967,5591052,4129201,1461851,42756,2102176,944995,962460,0,2624967,2624967
2021,8,8345240,765842,10586269,15952365,4906501,3438739,7380778,964462,6037868,2307371,506713,1103603,7241637,518450,1287199,3455012,3084578,180268,830537,2073773,2652790,5649792,4156786,1493006,42657,2106068,957543,978511,0,2652790,2652790
2021,9,8456511,743008,10510320,15965393,4946017,3510494,7483061,973450,6094846,2361665,487802,1099760,7356751,537572,1327185,3490980,3100774,177468,828216,2095090,2679871,5736051,4244805,1491246,40590,2110310,966831,990464,0,2679871,2679871
2021,10,8558362,696688,10467180,15978363,4992795,3565568,7577931,980431,6143783,2414580,476976,1086998,7471364,541313,1342774,3576732,3097543,183983,805961,2107599,2686747,5823252,4281661,1541591,48363,2123308,947685,974234,0,2686747,2686747
2021,11,8678287,672297,10384182,15991432,5045344,3632943,7679033,999254,6224166,2454121,438196,1104249,7574038,550894,1360419,3647138,3119836,191749,805581,2122507,2704404,5928902,4354700,1574203,44981,2145609,950963,974227,0,2704404,2704404
2021,12,8712890,683236,10351132,16004483,5072568,3640322,7719188,993703,6270321,2442569,434057,1095695,7617195,556151,1358175,3668503,3130061,184550,811493,2134018,2715861,5947730,4329718,1618012,49299,2157012,949465,973049,0,2715861,2715861
2022,1,8768645,710820,10280207,16017428,5103423,3665222,7770000,998644,6329724,2438920,422287,1110426,7658219,564756,1364666,3704638,3134584,186021,826259,2122304,2711408,6008173,4348886,1659287,49064,2151847,957984,982736,0,2711408,2711408
2022,2,8797561,744041,10230755,16030541,5124955,3672606,7796597,1000964,6398677,2398884,425603,1099610,7697951,565719,1362711,3700032,3169099,177791,845846,2145462,2740281,6004751,4365633,1639118,52528,2171000,971901,998099,0,2740281,2740281
2022,3,8835478,742016,10207409,16043616,5120780,3714697,7824670,1010808,6434879,2400599,412060,1125144,7710333,565507,1370085,3733716,3166169,188989,822528,2154652,2743366,6037142,4410904,1626238,54969,2159585,976916,1006583,0,2743366,2743366
2022,4,8855076,749542,10192656,16056612,5118435,3736641,7852247,1002829,6433286,2421790,429832,1114679,7740397,557829,1362139,3724789,3210319,191293,826735,2192291,2784761,6019766,4429268,1590499,50549,2173544,1008209,1036775,0,2784761,2784761
2022,5,8838432,748913,10222519,16069655,5106684,3731748,7844541,993891,6442499,2395933,430591,1115087,7723345,546570,1339892,3707508,3244462,193335,815858,2235269,2828722,5962379,4387168,1575210,47331,2213761,1003371,1030702,0,2828722,2828722
2022,6,8849831,761069,10211453,16082690,5092337,3757494,7868063,981768,6492333,2357499,454351,1114586,7735245,544871,1335774,3708809,3260378,201960,820596,2237822,2864854,5943575,4349393,1594182,41402,2251489,984599,1008889,0,2864854,2864854
2022,7,8853293,762473,10218291,16095411,5099563,3753730,7878034,975260,6492904,2360389,453825,1120421,7732872,550509,1339760,3728650,3234374,222279,813363,2198732,2850174,5961731,4370654,1591077,41388,2236533,974025,997842,0,2850174,2850174
2022,8,8843544,773188,10228251,16107712,5098485,3745059,7874068,969477,6450303,2393242,456470,1112514,7731030,548676,1338735,3699427,3256706,221302,821923,2213481,2843651,5947847,4363005,1584842,52046,2243310,981946,1013396,0,2843651,2843651
2022,9,8869323,767933,10218771,16120185,5128151,3741172,7894787,974536,6415563,2453760,453518,1109588,7759735,548461,1348022,3691202,3281637,216389,844170,2221079,2845609,5973514,4371997,1601517,50199,2245146,1008387,1036492,0,2845609,2845609
2022,10,8883090,767075,10216758,16132437,5112088,3771002,7905595,977495,6460060,2423030,455135,1097117,7785974,536304,1342713,3670346,3333727,203220,869564,2260943,2900527,5932145,4284205,1647941,50418,2301379,1002447,1032348,0,2900527,2900527
2022,11,8965230,765069,10147658,16144885,5142410,3822820,7970133,995097,6511666,2453565,453168,1115803,7849428,552701,1382478,3705961,3324090,195557,865171,2263363,2908552,6016728,4297942,1718787,39950,2305603,995886,1018487,0,2908552,2908552
2022,12,9008546,787317,10093280,16157315,5167625,3840920,8024121,984425,6551573,2456973,429423,1140785,7867761,554260,1392135,3727004,3335147,194017,863705,2277425,2936053,6035877,4309934,1725943,36616,2334674,979652,1000473,0,2936053,2936053
2023,1,9030162,824612,10045401,16169766,5191026,3839135,8033703,996458,6563730,2466432,419269,1197048,7833113,556641,1382785,3733708,3357027,194832,858101,2304095,2950379,6037257,4343450,1693807,42525,2362037,973303,994990,0,2950379,2950379
2023,2,9006145,869932,10035061,16182118,5185551,3820594,8014430,991715,6534086,2472059,409286,1193749,7812396,550979,1355620,3707299,3392247,200504,881669,2310075,2957195,6006565,4357235,1649330,42385,2384072,985304,1008176,0,2957195,2957195
2023,3,9006729,853902,10061543,16194588,5190018,3816711,7997392,1009337,6542748,2463981,416910,1189092,7817637,538173,1333532,3695208,3439816,204368,882238,2353210,2987351,5977082,4365289,1611794,42296,2418847,997137,1020969,0,2987351,2987351
2023,4,9034231,841916,10056989,16206908,5177600,3856631,8014604,1019627,6560264,2473967,436161,1165345,7868886,526549,1332386,3706852,3468444,205599,902219,2360627,3008790,5994265,4412943,1581322,31175,2440983,1007082,1027461,0,3008790,3008790
2023,5,9035114,842305,10066790,16219348,5151724,3883390,8008194,1026920,6579797,2455317,461810,1168201,7866913,506357,1310746,3697361,3520650,197869,907404,2415376,3065110,5938063,4412837,1525225,31941,2480499,1018250,1040151,0,3065110,3065110
2023,6,9028647,868170,10058490,16231718,5130513,3898135,8022472,1006175,6602862,2425785,483362,1176445,7852202,502991,1314211,3691301,3520144,191718,910374,2418052,3075452,5922396,4414038,1508358,30800,2478437,1019325,1041707,0,3075452,3075452
2023,7,9005443,890175,10070436,16244301,5116106,3889337,8006888,998555,6599226,2406217,502338,1172246,7833197,505790,1299408,3665447,3534797,192624,910305,2431868,3073908,5898933,4398721,1500212,32602,2479419,1030755,1055379,0,3073908,3073908
2023,8,9023452,882959,10070154,16256834,5129354,3894099,8026862,996591,6616340,2407112,504898,1179616,7843836,517607,1296107,3675004,3534734,203218,903097,2428420,3045673,5947760,4440225,1507534,30019,2458775,1053095,1075959,0,3045673,3045673
2023,9,9052989,882955,10050996,16269360,5140682,3912307,8042254,1010735,6605041,2447948,496551,1194881,7858108,524182,1260536,3685251,3583020,209286,905599,2468135,3092082,5929045,4445044,1484002,31861,2508359,1050620,1074660,0,3092082,3092082
2023,10,9138417,874357,9984739,16281885,5192100,3946317,8125778,1012639,6628639,2509777,496944,1196513,7941904,536406,1279112,3742227,3580672,207710,908911,2464051,3084530,6020247,4502218,1518029,33640,2514648,1044114,1066024,0,3084530,3084530
2023,11,9223135,854111,9930707,16294474,5229860,3993275,8194533,1028602,6683857,2539278,480241,1196320,8026815,534921,1290344,3793654,3604216,220852,925714,2457650,3106410,6081213,4506738,1574475,35512,2532556,1048718,1071660,0,3106410,3106410
2023,12,9273426,854341,9890590,16306894,5261606,4011820,8254556,1018870,6718514,2554912,483319,1182672,8090754,536830,1299906,3860669,3576021,219694,921685,2434643,3074665,6166531,4513317,1653213,32231,2500097,1056668,1075924,0,3074665,3074665
2024,1,9309608,865300,9853850,16319447,5308892,4000716,8289841,1019767,6760749,2548859,487489,1194871,8114737,536125,1311324,3870026,3592133,220164,924730,2447239,3104691,6176230,4499512,1676718,28688,2505037,1068479,1087095,0,3104691,3104691
2024,2,9308685,884546,9846052,16332017,5329750,3978934,8292141,1016544,6694043,2614641,487347,1207705,8100980,544262,1309005,3867996,3587422,211910,928347,2447164,3097076,6181690,4514821,1666868,29919,2494619,1074859,1092803,0,3097076,3097076
2024,3,9339296,870239,9840144,16344540,5351726,3987569,8299573,1039722,6704346,2634949,495593,1214315,8124980,539736,1307593,3851679,3640288,206081,947099,2487107,3131009,6174897,4550365,1624532,33390,2529104,1089982,1111183,0,3131009,3131009
2024,4,9331647,846061,9882561,16357075,5333931,3997716,8291704,1039943,6699251,2632396,492772,1246409,8085238,535907,1291310,3828472,3675958,208145,963566,2504247,3149364,6146335,4582684,1563652,35947,2543034,1109077,1132924,0,3149364,3149364
2024,5,9321380,849045,9900304,16369690,5310730,4010650,8280520,1040860,6689865,2631514,545075,1260342,8061038,509824,1266551,3845579,3699425,219041,959246,2521138,3188005,6099154,4565031,1534123,34220,2574760,1102082,1124665,0,3188005,3188005
2024,6,9257480,880390,9943294,16382117,5263303,3994176,8234680,1022800,6700950,2556530,548007,1263620,7993860,504276,1238894,3820206,3694104,216683,963107,2514315,3214699,6011911,4497114,1514797,30869,2587899,1085483,1106206,0,3214699,3214699
2024,7,9235064,902365,9953943,16394524,5246615,3988449,8209687,1025377,6687926,2547138,542920,1247777,7987287,488443,1230811,3810710,3705100,219251,967407,2518441,3180665,6023937,4527275,1496662,30462,2565440,1118619,1139659,0,3180665,3180665
2024,8,9243400,885500,9972725,16406966,5247989,3995411,8231582,1011818,6748880,2494520,543048,1245101,7998299,501311,1214470,3796129,3731490,214753,974103,2542634,3184074,6029542,4537623,1491919,29784,2570066,1139313,1161425,0,3184074,3184074
2024,9,9248984,868050,9994582,16419404,5271330,3977655,8232077,1016908,6746834,2502150,538158,1229220,8019764,504229,1206460,3817331,3720964,207704,975111,2538148,3179178,6040415,4534151,1506263,29392,2560918,1138020,1160046,0,3179178,3179178
2024,10,9285958,831410,10004285,16431771,5294767,3991191,8275499,1010459,6788325,2497633,549127,1218292,8067666,514195,1209344,3852401,3710017,199577,985666,2524774,3184427,6069832,4508184,1561648,31699,2555321,1130018,1154696,0,3184427,3184427
2024,11,9306059,817996,10007616,16444212,5343775,3962285,8307272,998788,6852116,2453943,516971,1206281,8099779,514569,1220656,3853275,3717559,198079,984954,2534527,3167821,6104687,4486567,1618120,33551,2566231,1125855,1151328,0,3167821,3167821
2024,12,9394112,819433,9928223,16456583,5376048,4018063,8388091,1006021,6926752,2467359,519080,1211388,8182724,505425,1237826,3872417,3778444,201151,1012334,2564958,3196095,6163104,4534267,1628837,34912,2600829,1152451,1177615,0,3196095,3196095
2025,1,9396874,859731,9895046,16468905,5382048,4014826,8372268,1024605,6948712,2448161,514186,1204182,8192692,502813,1229617,3851968,3812475,192496,1001473,2618506,3225989,6136476,4528945,1607530,34409,2641361,1147242,1171115,0,3225989,3225989
2025,2,9388838,895673,9877421,16481383,5358782,4030056,8346244,1042594,6968804,2420033,516274,1175324,8213514,495451,1212260,3854239,3826888,185945,1029092,2611851,3231574,6124447,4540343,1584103,32817,2637831,1166455,1189057,0,3231574,3231574
