ano_trimestre,mes_central,poblacion_en_edad_de_trabajar (pet),fuerza_de_trabajo (ft),personas_ocupadas (o),personas_desocupadas (do),cesantes,busca_trabajo_por_primera_vez,fuera_de_la_fuerza_de_trabajo (fft),fft_iniciadores,fft_inactivos_potencialmente_activos,fft_inactivos_habituales,tasa_participacion,tasa_ocupacion,tasa_desocupacion,tasa_informalidad_ocupacional,tasa_presion_laboral,tasa_su1,tasa_su2,tasa_su3,tasa_su4,ocupados_horas_1_30,ocupados_horas_31_44,ocupados_horas_31_39,ocupados_horas_40,ocupados_horas_41_44,ocupados_horas_45,ocupados_horas_46_o_mas,promedio_horas_habituales
2010,2,13218219.0,7883686.0,7156212.0,727475.0,634321.0,93154.0,5334533.0,93152.0,1075660.0,4165720.0,59.64,54.14,9.23,0.0,18.19,9.62,19.05,20.43,28.73,1222970.0,1339493.0,263714.0,637229.0,438549.0,2179420.0,2405364.0,44.01
2010,3,13235828.0,7896518.0,7198777.0,697741.0,614162.0,83578.0,5339310.0,76973.0,982406.0,4279931.0,59.66,54.39,8.84,0.0,17.93,9.17,18.81,19.19,27.76,1332754.0,1288014.0,266236.0,605643.0,416134.0,2210830.0,2360070.0,43.34
2010,4,13252845.0,7899817.0,7181903.0,717914.0,640566.0,77348.0,5353028.0,50529.0,978759.0,4323740.0,59.61,54.19,9.09,0.0,18.55,9.38,19.16,19.34,28.05,1376978.0,1271127.0,274261.0,573712.0,423154.0,2207582.0,2320741.0,43.11
2010,5,13270236.0,7905917.0,7221575.0,684341.0,607899.0,76442.0,5364319.0,42951.0,990012.0,4331356.0,59.58,54.42,8.66,0.0,18.11,8.86,18.83,18.99,27.84,1421063.0,1261273.0,273637.0,575199.0,412438.0,2223781.0,2313259.0,42.9
2010,6,13287404.0,7931587.0,7256516.0,675072.0,605989.0,69082.0,5355817.0,41091.0,1017481.0,4297244.0,59.69,54.61,8.51,0.0,17.7,8.71,18.93,19.07,28.13,1443413.0,1272848.0,275958.0,546038.0,450851.0,2267009.0,2271547.0,42.78
2010,7,13304972.0,7960818.0,7289221.0,671596.0,598308.0,73289.0,5344154.0,40263.0,1015573.0,4288319.0,59.83,54.79,8.44,0.0,17.57,8.62,19.36,18.94,28.47,1495442.0,1261681.0,280314.0,518043.0,463325.0,2278541.0,2252260.0,42.56
2010,8,13322178.0,8042919.0,7389466.0,653452.0,583941.0,69512.0,5279259.0,43697.0,974770.0,4260792.0,60.37,55.47,8.12,0.0,17.28,8.33,19.27,18.22,27.98,1532001.0,1268070.0,287080.0,493699.0,487292.0,2337581.0,2251072.0,42.42
2010,9,13339869.0,8042963.0,7414430.0,628533.0,553168.0,75365.0,5296906.0,53942.0,905565.0,4337399.0,60.29,55.58,7.81,0.0,16.54,8.07,18.77,17.35,26.97,1519127.0,1253575.0,294492.0,491027.0,468057.0,2371221.0,2269862.0,42.47
2010,10,13356955.0,8087412.0,7503092.0,584320.0,509265.0,75055.0,5269543.0,58182.0,857071.0,4354290.0,60.55,56.17,7.23,0.0,15.6,7.5,17.73,16.34,25.59,1523368.0,1269406.0,282498.0,505977.0,480931.0,2403083.0,2306298.0,42.53
2010,11,13374817.0,8160716.0,7572318.0,588398.0,498840.0,89558.0,5214101.0,59707.0,844146.0,4310248.0,61.02,56.62,7.21,0.0,15.31,7.48,17.44,16.13,25.16,1487363.0,1290774.0,286480.0,531860.0,472434.0,2438552.0,2354709.0,42.82
2010,12,13391933.0,8227810.0,7615516.0,612294.0,508320.0,103974.0,5164123.0,65556.0,899986.0,4198580.0,61.44,56.87,7.44,0.0,15.62,7.71,17.11,16.79,25.26,1410409.0,1312041.0,288793.0,539774.0,483474.0,2519294.0,2372859.0,43.3
2011,1,13409572.0,8233857.0,7621030.0,612827.0,511238.0,101589.0,5175715.0,75104.0,919950.0,4180662.0,61.4,56.83,7.44,0.0,15.77,7.75,16.66,17.0,25.01,1334196.0,1298848.0,295822.0,522488.0,480539.0,2575316.0,2412047.0,43.69
2011,2,13426839.0,8246367.0,7623922.0,622445.0,539122.0,83323.0,5180472.0,71686.0,884788.0,4223998.0,61.42,56.78,7.55,0.0,16.64,7.87,16.89,16.77,24.92,1336487.0,1306078.0,289637.0,491348.0,525093.0,2586693.0,2393661.0,43.61
2011,3,13444433.0,8250014.0,7655096.0,594918.0,533759.0,61159.0,5194419.0,55783.0,839819.0,4298817.0,61.36,56.94,7.21,0.0,16.32,7.48,17.21,16.0,24.84,1435555.0,1298457.0,294200.0,482798.0,521459.0,2535064.0,2385207.0,43.12
2011,4,13461548.0,8269597.0,7665522.0,604074.0,542039.0,62036.0,5191951.0,46292.0,849456.0,4296203.0,61.43,56.94,7.3,0.0,16.41,7.52,17.93,16.12,25.56,1511253.0,1278223.0,295376.0,461675.0,521171.0,2553801.0,2320496.0,42.7
2011,5,13479195.0,8296940.0,7698543.0,598396.0,534956.0,63440.0,5182255.0,39274.0,885944.0,4257037.0,61.55,57.11,7.21,0.0,15.99,7.38,18.15,16.3,26.03,1574166.0,1221739.0,296877.0,448327.0,476535.0,2590171.0,2309892.0,42.42
2011,6,13496488.0,8285241.0,7659427.0,625815.0,553135.0,72680.0,5211247.0,42925.0,913545.0,4254776.0,61.39,56.75,7.55,0.0,16.31,7.72,18.46,16.87,26.54,1571640.0,1192788.0,286962.0,428451.0,477375.0,2640242.0,2251676.0,42.3
2011,7,13513926.0,8308548.0,7684190.0,624358.0,556144.0,68214.0,5205378.0,42847.0,916116.0,4246414.0,61.48,56.86,7.51,0.0,16.3,7.67,18.53,16.82,26.61,1595878.0,1241556.0,294241.0,449708.0,497608.0,2609474.0,2234823.0,42.15
2011,8,13530963.0,8323162.0,7688406.0,634756.0,567359.0,67397.0,5207801.0,46073.0,951995.0,4209733.0,61.51,56.82,7.63,0.0,16.22,7.78,18.53,17.23,26.88,1583010.0,1270515.0,310766.0,448358.0,511390.0,2585369.0,2248206.0,42.22
2011,9,13548290.0,8322019.0,7703136.0,618883.0,558940.0,59942.0,5226271.0,46741.0,971327.0,4208203.0,61.42,56.86,7.44,0.0,16.15,7.61,18.38,17.25,26.9,1566403.0,1251071.0,303342.0,447751.0,499978.0,2614060.0,2270911.0,42.33
2011,10,13565238.0,8327410.0,7716851.0,610558.0,536698.0,73861.0,5237828.0,47311.0,953047.0,4237470.0,61.39,56.89,7.33,0.0,15.78,7.52,17.89,17.0,26.3,1531405.0,1266491.0,304793.0,460854.0,500844.0,2605287.0,2313133.0,42.51
2011,11,13582706.0,8356355.0,7786902.0,569453.0,476852.0,92601.0,5226351.0,53060.0,931749.0,4241542.0,61.52,57.33,6.81,0.0,15.01,7.03,16.78,16.34,25.11,1486146.0,1275108.0,299378.0,478193.0,497537.0,2696497.0,2328725.0,42.76
2011,12,13599728.0,8391714.0,7816553.0,575161.0,468677.0,106484.0,5208014.0,57699.0,933671.0,4216644.0,61.71,57.48,6.85,0.0,14.74,7.11,16.29,16.39,24.65,1424001.0,1313455.0,298658.0,495207.0,519590.0,2699486.0,2379316.0,43.04
2012,1,13617057.0,8424025.0,7874074.0,549952.0,448522.0,101430.0,5193032.0,61397.0,924127.0,4207507.0,61.86,57.83,6.53,0.0,13.96,6.84,15.51,16.02,23.84,1375441.0,1306663.0,282370.0,478267.0,546025.0,2785602.0,2406057.0,43.38
2012,2,13634047.0,8416898.0,7844776.0,572122.0,489674.0,82448.0,5217149.0,54033.0,876684.0,4286432.0,61.73,57.54,6.8,0.0,14.19,7.09,15.85,15.83,23.77,1373527.0,1283997.0,267981.0,461995.0,554021.0,2812908.0,2373776.0,43.3
2012,3,13651321.0,8419957.0,7850458.0,569498.0,495420.0,74078.0,5231364.0,49419.0,839056.0,4342889.0,61.68,57.51,6.76,0.0,14.09,7.01,15.9,15.41,23.51,1406678.0,1274717.0,274415.0,438113.0,562189.0,2825440.0,2343060.0,43.17
2012,4,13668447.0,8422983.0,7838273.0,584710.0,523284.0,61426.0,5245464.0,40918.0,821909.0,4382637.0,61.62,57.35,6.94,0.0,14.4,7.12,16.47,15.36,23.88,1458237.0,1273029.0,285051.0,436402.0,551576.0,2831474.0,2275117.0,42.78
2012,5,13685792.0,8388370.0,7819530.0,568840.0,511570.0,57270.0,5297422.0,45108.0,871858.0,4380455.0,61.29,57.14,6.78,0.0,14.11,6.98,16.62,15.72,24.46,1483494.0,1255566.0,286835.0,416627.0,552105.0,2825015.0,2255339.0,42.61
2012,6,13702811.0,8367120.0,7809455.0,557666.0,509516.0,48150.0,5335691.0,47022.0,889514.0,4399155.0,61.06,56.99,6.66,0.0,13.99,6.88,16.69,15.81,24.68,1503553.0,1259319.0,287051.0,426371.0,545897.0,2861118.0,2184377.0,42.37
2012,7,13719163.0,8356257.0,7809889.0,546368.0,499399.0,46969.0,5362906.0,50808.0,910351.0,4401748.0,60.91,56.93,6.54,0.0,13.78,6.77,16.78,15.91,24.93,1527578.0,1261111.0,282386.0,435544.0,543181.0,2811688.0,2208507.0,42.28
2012,8,13734654.0,8428348.0,7874075.0,554273.0,503640.0,50633.0,5306306.0,45157.0,885941.0,4375208.0,61.37,57.33,6.58,0.0,13.64,6.79,16.58,15.63,24.5,1542501.0,1260573.0,287352.0,444426.0,528794.0,2849003.0,2221062.0,42.3
2012,9,13750410.0,8455492.0,7889402.0,566090.0,513408.0,52682.0,5294918.0,40684.0,870720.0,4383514.0,61.49,57.38,6.69,0.0,13.59,6.88,16.74,15.56,24.5,1561778.0,1244705.0,286779.0,440042.0,517884.0,2861152.0,2221481.0,42.28
2012,10,13766030.0,8462805.0,7924594.0,538211.0,480920.0,57291.0,5303225.0,41509.0,845671.0,4416046.0,61.48,57.57,6.36,0.0,13.0,6.55,16.36,15.03,23.94,1545394.0,1235209.0,292104.0,436723.0,506383.0,2955745.0,2187962.0,42.35
2012,11,13781867.0,8480115.0,7952257.0,527858.0,458738.0,69120.0,5301752.0,45006.0,841181.0,4415565.0,61.53,57.7,6.22,0.0,12.94,6.44,15.78,14.87,23.37,1492772.0,1249141.0,292601.0,456250.0,500290.0,2996255.0,2213808.0,42.58
2012,12,13797331.0,8520016.0,7998630.0,521387.0,433598.0,87788.0,5277315.0,64527.0,852035.0,4360753.0,61.75,57.97,6.12,0.0,13.09,6.44,15.46,14.92,23.12,1431211.0,1244059.0,296218.0,443623.0,504219.0,3082495.0,2240517.0,42.93
2013,1,13813215.0,8535722.0,7993297.0,542425.0,458041.0,84384.0,5277493.0,71906.0,867230.0,4338357.0,61.79,57.87,6.35,0.0,13.4,6.71,14.97,15.28,22.79,1360813.0,1239934.0,296222.0,434205.0,509508.0,3146278.0,2245663.0,43.29
2013,2,13828718.0,8539440.0,7990686.0,548754.0,473170.0,75584.0,5289278.0,75623.0,845945.0,4367711.0,61.75,57.78,6.43,0.0,13.55,6.79,15.16,15.16,22.78,1353629.0,1278001.0,301263.0,425885.0,550853.0,3159933.0,2197921.0,43.28
2013,3,13844590.0,8580122.0,8019067.0,561055.0,503883.0,57172.0,5264468.0,60753.0,784338.0,4419377.0,61.97,57.92,6.54,0.0,13.31,6.83,15.22,14.61,22.3,1384629.0,1269197.0,296625.0,419162.0,553410.0,3187169.0,2177079.0,43.09
2013,4,13860181.0,8579473.0,8018269.0,561204.0,498753.0,62451.0,5280708.0,53817.0,769824.0,4457067.0,61.9,57.85,6.54,0.0,13.34,6.82,15.68,14.47,22.61,1469402.0,1262111.0,285458.0,416553.0,560101.0,3140541.0,2143865.0,42.64
2013,5,13875929.0,8538822.0,8004246.0,534576.0,480462.0,54115.0,5337107.0,49372.0,767981.0,4519754.0,61.54,57.68,6.26,0.0,13.11,6.52,15.81,14.21,22.74,1526608.0,1206300.0,272959.0,397069.0,536272.0,3144512.0,2125081.0,42.35
2013,6,13891495.0,8486063.0,7986815.0,499248.0,451378.0,47870.0,5405432.0,47963.0,813144.0,4544325.0,61.09,57.49,5.88,0.0,12.85,6.14,15.53,14.32,22.89,1532698.0,1227862.0,282389.0,413562.0,531911.0,3119112.0,2105552.0,42.23
2013,7,13907448.0,8506095.0,8008577.0,497518.0,455801.0,41718.0,5401353.0,42064.0,831731.0,4527558.0,61.16,57.58,5.85,0.0,12.72,6.07,15.62,14.42,23.12,1537033.0,1253027.0,297693.0,432842.0,522492.0,3111985.0,2106436.0,42.18
2013,8,13923097.0,8509544.0,8010843.0,498702.0,460183.0,38519.0,5413553.0,44030.0,865836.0,4503687.0,61.12,57.54,5.86,0.0,12.53,6.07,15.43,14.73,23.22,1529740.0,1270230.0,310351.0,440414.0,519465.0,3096961.0,2113862.0,42.21
2013,9,13938841.0,8537825.0,8029597.0,508228.0,462604.0,45624.0,5401016.0,49628.0,853152.0,4498236.0,61.25,57.61,5.95,0.0,12.47,6.25,15.58,14.74,23.23,1546276.0,1289197.0,298765.0,442235.0,548198.0,3089147.0,2104927.0,42.17
2013,10,13954615.0,8569728.0,8067127.0,502601.0,454805.0,47796.0,5384887.0,48300.0,835008.0,4501579.0,61.41,57.81,5.86,0.0,12.31,6.14,15.52,14.45,23.0,1575137.0,1275648.0,301624.0,433297.0,540728.0,3088203.0,2128089.0,42.18
2013,11,13970560.0,8649479.0,8149389.0,500090.0,436388.0,63702.0,5321081.0,48968.0,812383.0,4459730.0,61.91,58.33,5.78,0.0,12.21,6.11,15.44,14.14,22.68,1585469.0,1302509.0,297184.0,461300.0,544025.0,3080953.0,2180353.0,42.32
2013,12,13986099.0,8713969.0,8170961.0,543008.0,454100.0,88908.0,5272130.0,42320.0,815824.0,4413987.0,62.3,58.42,6.23,0.0,13.03,6.5,15.56,14.48,22.77,1544308.0,1267447.0,293580.0,444834.0,529033.0,3114040.0,2245062.0,42.6
2014,1,14002110.0,8743658.0,8202890.0,540769.0,452865.0,87903.0,5258452.0,51459.0,833482.0,4373511.0,62.45,58.58,6.18,0.0,13.16,6.47,15.02,14.59,22.4,1481252.0,1280404.0,289632.0,453819.0,536953.0,3139269.0,2301906.0,42.93
2014,2,14017656.0,8722869.0,8156196.0,566673.0,485752.0,80921.0,5294787.0,58084.0,813087.0,4423616.0,62.23,58.19,6.5,0.0,13.51,6.77,15.02,14.69,22.25,1473506.0,1338048.0,289661.0,479682.0,568706.0,3090057.0,2254585.0,42.9
2014,3,14033560.0,8716888.0,8181309.0,535578.0,481724.0,53854.0,5316672.0,58514.0,772186.0,4485973.0,62.11,58.3,6.14,0.0,13.13,6.4,14.9,14.0,21.81,1528957.0,1383175.0,307911.0,492938.0,582326.0,3069151.0,2200027.0,42.56
2014,4,14049294.0,8706597.0,8155971.0,550626.0,496861.0,53765.0,5342697.0,57068.0,760324.0,4525305.0,61.97,58.05,6.32,0.0,13.38,6.59,15.8,14.07,22.54,1600584.0,1395090.0,321251.0,497491.0,576348.0,3046832.0,2113114.0,42.04
2014,5,14065044.0,8686616.0,8120437.0,566179.0,520097.0,46082.0,5378428.0,49272.0,777447.0,4551710.0,61.76,57.73,6.52,0.0,13.42,6.76,16.33,14.4,23.19,1619273.0,1375130.0,327646.0,479582.0,567902.0,3068810.0,2056873.0,41.77
2014,6,14080765.0,8655764.0,8084993.0,570772.0,526920.0,43851.0,5425001.0,54032.0,812892.0,4558076.0,61.47,57.42,6.59,0.0,13.39,6.92,16.28,14.88,23.45,1603623.0,1377083.0,319579.0,478122.0,579383.0,3072288.0,2031650.0,41.77
2014,7,14096529.0,8633943.0,8044549.0,589394.0,543501.0,45893.0,5462586.0,49994.0,824127.0,4588465.0,61.25,57.07,6.83,0.0,13.68,7.15,16.21,15.22,23.49,1568354.0,1393907.0,306289.0,463804.0,623814.0,3078621.0,2003578.0,41.9
2014,8,14112050.0,8675214.0,8088721.0,586492.0,540082.0,46410.0,5436836.0,51356.0,843642.0,4541838.0,61.47,57.32,6.76,0.0,13.79,7.11,16.2,15.31,23.6,1600772.0,1365154.0,311637.0,433897.0,619621.0,3085366.0,2037149.0,41.86
2014,9,14127638.0,8709617.0,8137947.0,571671.0,520136.0,51535.0,5418021.0,44701.0,809421.0,4563899.0,61.65,57.6,6.56,0.0,13.28,6.81,15.92,14.72,23.05,1620067.0,1352168.0,300299.0,438791.0,613079.0,3088284.0,2077143.0,41.91
2014,10,14143196.0,8751592.0,8207692.0,543900.0,495020.0,48880.0,5391604.0,43559.0,777654.0,4570391.0,61.88,58.03,6.21,0.0,12.69,6.48,15.38,14.09,22.27,1607419.0,1307253.0,295252.0,440296.0,571704.0,3152993.0,2139832.0,42.14
2014,11,14158925.0,8795429.0,8249620.0,545809.0,482117.0,63692.0,5363496.0,44292.0,769396.0,4549808.0,62.12,58.26,6.21,0.0,12.34,6.46,14.99,13.97,21.81,1555513.0,1313244.0,288051.0,455078.0,570116.0,3230998.0,2149866.0,42.37
2014,12,14174318.0,8807579.0,8259158.0,548421.0,481905.0,66516.0,5366739.0,52974.0,796579.0,4517186.0,62.14,58.27,6.23,0.0,12.37,6.52,14.59,14.25,21.66,1484995.0,1345965.0,299650.0,474356.0,571959.0,3274064.0,2153922.0,42.66
2015,1,14190084.0,8810699.0,8263091.0,547608.0,481990.0,65618.0,5379385.0,65554.0,802785.0,4511046.0,62.09,58.23,6.22,0.0,12.21,6.55,14.25,14.33,21.39,1428436.0,1385633.0,302839.0,494468.0,588327.0,3313814.0,2135000.0,42.86
2015,2,14205568.0,8779034.0,8232200.0,546834.0,490705.0,56129.0,5426534.0,73699.0,774752.0,4578082.0,61.8,57.95,6.23,0.0,12.69,6.6,14.38,14.14,21.3,1434938.0,1449439.0,313197.0,509513.0,626728.0,3311316.0,2036294.0,42.65
2015,3,14221204.0,8788861.0,8230255.0,558606.0,501864.0,56742.0,5432343.0,67176.0,759937.0,4605229.0,61.8,57.87,6.36,0.0,13.1,6.68,14.65,14.09,21.42,1498033.0,1425535.0,314504.0,492634.0,618398.0,3330376.0,1976312.0,42.35
2015,4,14236737.0,8806356.0,8211794.0,594562.0,534419.0,60143.0,5430381.0,55746.0,753107.0,4621528.0,61.86,57.68,6.75,0.0,13.51,7.01,15.38,14.31,22.03,1573446.0,1436570.0,324658.0,484932.0,626979.0,3293972.0,1907806.0,41.84
2015,5,14252333.0,8802779.0,8215613.0,587165.0,529125.0,58041.0,5449554.0,54502.0,782292.0,4612760.0,61.76,57.64,6.67,0.0,13.15,6.89,15.31,14.47,22.21,1604650.0,1387437.0,319821.0,466088.0,601529.0,3268544.0,1954873.0,41.78
2015,6,14267926.0,8810382.0,8220826.0,589556.0,537474.0,52082.0,5457544.0,50553.0,836093.0,4570898.0,61.75,57.62,6.69,0.0,12.88,6.88,15.6,14.94,22.9,1603851.0,1422348.0,329812.0,476504.0,616032.0,3248137.0,1946101.0,41.72
2015,7,14283926.0,8829119.0,8250061.0,579058.0,534518.0,44540.0,5454807.0,55565.0,865654.0,4533587.0,61.81,57.76,6.56,0.0,13.22,6.81,15.92,15.11,23.41,1627404.0,1432246.0,326326.0,481512.0,624408.0,3258409.0,1931240.0,41.69
2015,8,14300293.0,8883366.0,8302039.0,581327.0,536453.0,44875.0,5416927.0,49127.0,869337.0,4498463.0,62.12,58.06,6.54,0.0,13.39,6.76,15.94,15.06,23.42,1654199.0,1425565.0,320016.0,468463.0,637086.0,3298913.0,1922723.0,41.64
2015,9,14317039.0,8884710.0,8312069.0,572641.0,526814.0,45827.0,5432329.0,65908.0,821059.0,4545362.0,62.06,58.06,6.45,0.0,13.18,6.76,15.82,14.62,22.92,1651261.0,1392734.0,302879.0,450286.0,639569.0,3336303.0,1930657.0,41.67
2015,10,14333482.0,8909433.0,8359292.0,550142.0,501304.0,48838.0,5424049.0,65180.0,792095.0,4566774.0,62.16,58.32,6.17,0.0,12.58,6.47,15.16,14.09,22.06,1646299.0,1352624.0,313923.0,417870.0,620831.0,3431742.0,1926343.0,41.75
2015,11,14350092.0,8954114.0,8428470.0,525644.0,468550.0,57094.0,5395978.0,73141.0,777676.0,4545161.0,62.4,58.73,5.87,0.0,11.94,6.25,14.52,13.71,21.32,1582310.0,1349855.0,322103.0,419666.0,608086.0,3517526.0,1976349.0,42.09
2015,12,14366762.0,8983670.0,8452067.0,531603.0,464855.0,66748.0,5383092.0,89125.0,833241.0,4460726.0,62.53,58.83,5.92,0.0,12.2,6.26,14.47,14.19,21.71,1544293.0,1358344.0,338150.0,409039.0,611154.0,3554836.0,1993040.0,42.31
2016,1,14383305.0,8958788.0,8417125.0,541663.0,473058.0,68605.0,5424518.0,103473.0,846005.0,4475039.0,62.29,58.52,6.05,0.0,12.1,6.4,14.52,14.44,21.87,1475235.0,1350584.0,330822.0,419542.0,600220.0,3559251.0,2031963.0,42.55
2016,2,14399681.0,8940879.0,8360572.0,580308.0,520959.0,59348.0,5458802.0,99044.0,832487.0,4527270.0,62.09,58.06,6.49,0.0,12.66,6.79,15.04,14.7,22.26,1500641.0,1354857.0,324833.0,439045.0,590979.0,3548009.0,1956760.0,42.38
2016,3,14416479.0,8968626.0,8376229.0,592397.0,534986.0,57411.0,5447853.0,71005.0,755366.0,4621482.0,62.21,58.1,6.61,0.0,12.71,6.86,15.12,14.08,21.7,1528062.0,1362864.0,336577.0,442616.0,583671.0,3554593.0,1930250.0,42.19
2016,4,14432861.0,8981455.0,8350311.0,631144.0,572098.0,59046.0,5451406.0,57751.0,757600.0,4636055.0,62.23,57.86,7.03,0.0,13.59,7.26,15.99,14.45,22.51,1611162.0,1392220.0,337897.0,462559.0,591764.0,3506069.0,1840398.0,41.76
2016,5,14449464.0,8966706.0,8337421.0,629285.0,566404.0,62881.0,5482758.0,55431.0,754005.0,4673322.0,62.06,57.7,7.02,0.0,13.69,7.24,16.51,14.42,22.97,1672987.0,1383168.0,338231.0,448243.0,596693.0,3421032.0,1860028.0,41.51
2016,6,14466036.0,8989507.0,8336229.0,653278.0,595090.0,58188.0,5476529.0,53341.0,749216.0,4673972.0,62.14,57.63,7.27,0.0,13.92,7.52,17.11,14.61,23.47,1732443.0,1396311.0,312148.0,491658.0,592505.0,3357841.0,1849383.0,41.22
2016,7,14485091.0,8967221.0,8333200.0,634021.0,581872.0,52149.0,5517870.0,48182.0,761329.0,4708360.0,61.91,57.53,7.07,0.0,13.46,7.28,16.79,14.52,23.29,1747934.0,1387097.0,310159.0,480490.0,596448.0,3371360.0,1826420.0,41.1
2016,8,14506329.0,9011989.0,8378381.0,633608.0,584264.0,49344.0,5494340.0,47421.0,766698.0,4680220.0,62.12,57.76,7.03,0.0,13.35,7.23,16.52,14.49,23.05,1738471.0,1423490.0,323607.0,488872.0,611011.0,3403226.0,1812858.0,41.08
2016,9,14527620.0,8994638.0,8393722.0,600916.0,556889.0,44027.0,5532982.0,53325.0,787513.0,4692144.0,61.91,57.78,6.68,0.0,12.97,6.89,16.24,14.37,22.97,1778618.0,1369785.0,325489.0,452088.0,592208.0,3418199.0,1826870.0,41.15
2016,10,14548817.0,9046371.0,8467097.0,579274.0,528292.0,50981.0,5502446.0,61270.0,742817.0,4698360.0,62.18,58.2,6.4,0.0,12.49,6.69,16.0,13.75,22.36,1786238.0,1357421.0,326995.0,438186.0,592240.0,3422015.0,1901307.0,41.34
2016,11,14570045.0,9062631.0,8500710.0,561921.0,502771.0,59150.0,5507414.0,65430.0,746536.0,4695448.0,62.2,58.34,6.2,0.0,11.93,6.49,15.59,13.59,22.0,1763345.0,1373816.0,322211.0,480394.0,571211.0,3407817.0,1955619.0,41.47
2016,12,14591337.0,9115128.0,8534552.0,580576.0,505891.0,74685.0,5476209.0,69211.0,780374.0,4626623.0,62.47,58.49,6.37,0.0,12.12,6.66,15.23,14.0,21.9,1674879.0,1411168.0,328801.0,517124.0,565243.0,3447201.0,2001141.0,41.77
2017,1,14612643.0,9102030.0,8485700.0,616330.0,535065.0,81265.0,5510613.0,78435.0,805375.0,4626804.0,62.29,58.07,6.77,0.0,12.64,7.09,15.37,14.62,22.23,1600153.0,1409499.0,335607.0,516665.0,557226.0,3469978.0,2005825.0,42.02
2017,2,14633845.0,9127010.0,8484447.0,642562.0,564854.0,77709.0,5506835.0,79947.0,766406.0,4660483.0,62.37,57.98,7.04,0.0,13.45,7.38,15.83,14.53,22.33,1608622.0,1429380.0,332802.0,480827.0,615751.0,3519165.0,1927038.0,41.98
2017,3,14655169.0,9147352.0,8499904.0,647448.0,579549.0,67899.0,5507817.0,71555.0,715259.0,4721004.0,62.42,58.0,7.08,0.0,13.29,7.39,16.1,14.08,22.17,1658326.0,1442686.0,334050.0,453449.0,655186.0,3588814.0,1809995.0,41.66
2017,4,14676365.0,9209964.0,8535210.0,674754.0,611701.0,63053.0,5466401.0,62588.0,698389.0,4705425.0,62.75,58.16,7.33,0.0,13.52,7.62,16.44,14.11,22.31,1712087.0,1461962.0,329526.0,440307.0,692129.0,3594366.0,1766794.0,41.4
2017,5,14697658.0,9196643.0,8524137.0,672506.0,608307.0,64199.0,5501015.0,61895.0,742030.0,4697090.0,62.57,58.0,7.31,0.0,13.17,7.62,16.32,14.5,22.55,1694071.0,1439971.0,339345.0,427038.0,673588.0,3602509.0,1787587.0,41.43
2017,6,14718872.0,9201446.0,8537398.0,664048.0,602524.0,61524.0,5517426.0,61357.0,762090.0,4693980.0,62.51,58.0,7.22,0.0,13.33,7.55,16.6,14.6,22.96,1720321.0,1436304.0,343148.0,416219.0,676936.0,3562109.0,1818664.0,41.34
2017,7,14743176.0,9209662.0,8573496.0,636166.0,573359.0,62807.0,5533514.0,61477.0,778079.0,4693958.0,62.47,58.15,6.91,0.0,13.02,7.24,16.58,14.44,23.06,1725637.0,1448171.0,332030.0,440711.0,675429.0,3547863.0,1851653.0,41.34
2017,8,14770248.0,9260921.0,8613093.0,647829.0,588638.0,59191.0,5509327.0,59552.0,761903.0,4687872.0,62.7,58.31,7.0,28.54,13.26,7.3,16.88,14.32,23.18,1760831.0,1443209.0,334196.0,452920.0,656093.0,3562164.0,1846716.0,41.24
2017,9,14797389.0,9270199.0,8622704.0,647495.0,585062.0,62433.0,5527190.0,68306.0,773063.0,4685821.0,62.65,58.27,6.98,28.96,13.29,7.3,16.88,14.41,23.26,1776491.0,1431353.0,329215.0,465403.0,636735.0,3546326.0,1868363.0,41.25
2017,10,14824509.0,9338743.0,8712681.0,626062.0,566858.0,59204.0,5485766.0,61867.0,738831.0,4685068.0,63.0,58.77,6.7,29.48,13.0,6.95,16.3,13.75,22.43,1791273.0,1421976.0,340409.0,451622.0,629946.0,3622005.0,1877427.0,41.3
2017,11,14851798.0,9379523.0,8768667.0,610856.0,535533.0,75323.0,5472275.0,66119.0,741543.0,4664613.0,63.15,59.04,6.51,29.62,12.71,6.78,15.67,13.59,21.83,1750782.0,1426509.0,332049.0,445283.0,649177.0,3631433.0,1959943.0,41.62
2017,12,14878816.0,9438115.0,8793923.0,644193.0,549213.0,94979.0,5440701.0,68972.0,740947.0,4630782.0,63.43,59.1,6.83,29.08,13.24,7.13,15.5,13.87,21.63,1649838.0,1470862.0,329164.0,468295.0,673403.0,3679818.0,1993281.0,42.01
2018,1,14905915.0,9449494.0,8787080.0,662415.0,559551.0,102864.0,5456421.0,84886.0,761923.0,4609612.0,63.39,58.95,7.01,28.88,13.64,7.4,15.46,14.28,21.75,1621466.0,1475488.0,331656.0,459452.0,684380.0,3719642.0,1969989.0,42.11
2018,2,14933086.0,9456608.0,8759081.0,697528.0,605649.0,91879.0,5476478.0,85828.0,736027.0,4654622.0,63.33,58.66,7.38,28.63,13.84,7.74,15.76,14.37,21.82,1624893.0,1532928.0,331640.0,468883.0,732405.0,3709628.0,1891062.0,42.02
2018,3,14960269.0,9441395.0,8781084.0,660312.0,585187.0,75125.0,5518874.0,79629.0,713956.0,4725289.0,63.11,58.7,6.99,28.46,13.4,7.3,15.47,13.8,21.4,1681393.0,1534155.0,338033.0,448210.0,747912.0,3689300.0,1875785.0,41.84
2018,4,14987447.0,9465329.0,8766651.0,698678.0,630706.0,67972.0,5522118.0,65167.0,689569.0,4767382.0,63.16,58.49,7.38,28.27,13.72,7.61,16.31,13.87,21.98,1750259.0,1552466.0,333770.0,459723.0,758973.0,3633798.0,1830044.0,41.46
2018,5,15014649.0,9466862.0,8755549.0,711313.0,636214.0,75099.0,5547787.0,56942.0,706649.0,4784197.0,63.05,58.31,7.51,28.03,13.94,7.74,16.7,14.13,22.47,1787399.0,1488224.0,316515.0,444553.0,727156.0,3670003.0,1809683.0,41.33
2018,6,15041679.0,9450965.0,8708738.0,742228.0,670508.0,71720.0,5590714.0,54131.0,707990.0,4828593.0,62.83,57.9,7.85,27.79,14.28,8.08,17.23,14.47,22.98,1787287.0,1438734.0,301515.0,404647.0,732572.0,3726841.0,1755634.0,41.17
2018,7,15069360.0,9435530.0,8707194.0,728335.0,651846.0,76489.0,5633830.0,55500.0,727126.0,4851205.0,62.61,57.78,7.72,27.69,14.08,7.98,16.81,14.55,22.75,1758720.0,1442251.0,317922.0,396438.0,727891.0,3726302.0,1779674.0,41.28
2018,8,15097475.0,9414174.0,8710908.0,703266.0,630745.0,72521.0,5683301.0,55930.0,761137.0,4866234.0,62.36,57.7,7.47,27.73,13.93,7.72,16.57,14.6,22.8,1764762.0,1441484.0,328197.0,393661.0,719626.0,3718917.0,1785744.0,41.2
2018,9,15125725.0,9476204.0,8773836.0,702367.0,627859.0,74509.0,5649521.0,58042.0,741223.0,4850255.0,62.65,58.01,7.41,28.55,13.8,7.66,16.7,14.34,22.73,1811497.0,1471585.0,340460.0,426783.0,704342.0,3649454.0,1841259.0,41.23
2018,10,15153834.0,9525406.0,8828991.0,696415.0,604185.0,92230.0,5628428.0,53974.0,719092.0,4855362.0,62.86,58.26,7.31,29.28,13.54,7.51,16.84,13.99,22.67,1836785.0,1434265.0,332266.0,416863.0,685135.0,3710681.0,1847133.0,41.28
2018,11,15182093.0,9600333.0,8914248.0,686084.0,588585.0,97499.0,5581760.0,58147.0,689723.0,4833891.0,63.23,58.72,7.15,29.1,13.43,7.36,16.61,13.56,22.19,1789313.0,1444075.0,334805.0,420679.0,688591.0,3767357.0,1913378.0,41.61
2018,12,15209999.0,9613342.0,8927952.0,685390.0,578850.0,106540.0,5596657.0,64083.0,733580.0,4798995.0,63.2,58.7,7.13,28.6,13.5,7.41,16.2,13.95,22.13,1735287.0,1451304.0,330234.0,419758.0,701312.0,3852543.0,1888733.0,41.76
2019,1,15238230.0,9581636.0,8907637.0,673999.0,587819.0,86180.0,5656594.0,77420.0,772934.0,4806240.0,62.88,58.46,7.03,27.9,13.71,7.41,15.64,14.29,21.91,1642274.0,1471349.0,320552.0,426125.0,724672.0,3866161.0,1927853.0,42.1
2019,2,15266347.0,9571748.0,8879110.0,692638.0,607574.0,85064.0,5694599.0,76721.0,765556.0,4852322.0,62.7,58.16,7.24,27.92,14.11,7.62,15.78,14.44,21.99,1656958.0,1522898.0,318197.0,418059.0,786641.0,3865712.0,1833367.0,41.88
2019,3,15294556.0,9597056.0,8916017.0,681040.0,598051.0,82989.0,5697500.0,69899.0,720878.0,4906723.0,62.75,58.3,7.1,28.02,13.86,7.43,15.79,13.88,21.65,1694046.0,1539659.0,316951.0,408513.0,814195.0,3853467.0,1828670.0,41.75
2019,4,15322644.0,9621100.0,8925275.0,695825.0,609125.0,86699.0,5701544.0,64236.0,689263.0,4948046.0,62.79,58.25,7.23,28.01,14.01,7.47,16.22,13.64,21.81,1750551.0,1582788.0,318633.0,437088.0,827066.0,3818331.0,1773438.0,41.41
2019,5,15350992.0,9620458.0,8922608.0,697850.0,608645.0,89205.0,5730534.0,65372.0,696734.0,4968428.0,62.67,58.12,7.25,28.14,13.84,7.46,16.43,13.7,22.06,1792744.0,1543892.0,316859.0,436056.0,790977.0,3781299.0,1804672.0,41.27
2019,6,15378955.0,9638104.0,8910558.0,727546.0,626863.0,100683.0,5740851.0,64545.0,733931.0,4942375.0,62.67,57.94,7.55,28.11,14.05,7.75,16.84,14.27,22.71,1823494.0,1564791.0,330568.0,449599.0,784623.0,3744335.0,1777939.0,41.12
2019,7,15406713.0,9659444.0,8928049.0,731395.0,638421.0,92973.0,5747269.0,61649.0,749982.0,4935638.0,62.7,57.95,7.57,28.22,13.87,7.81,16.78,14.43,22.76,1849631.0,1518149.0,325771.0,416552.0,775827.0,3754187.0,1805932.0,41.13
2019,8,15433915.0,9712744.0,9000091.0,712653.0,625348.0,87305.0,5721171.0,59679.0,761177.0,4900315.0,62.93,58.31,7.34,28.1,13.48,7.59,16.56,14.29,22.61,1855377.0,1515612.0,332113.0,415833.0,767667.0,3802725.0,1826226.0,41.11
2019,9,15461363.0,9686049.0,8994360.0,691688.0,613825.0,77864.0,5775314.0,73397.0,755201.0,4946717.0,62.65,58.17,7.14,28.56,13.47,7.47,16.57,14.14,22.59,1858272.0,1484887.0,322852.0,407682.0,754352.0,3808637.0,1842414.0,41.13
2019,10,15488454.0,9722047.0,9045363.0,676684.0,589002.0,87682.0,5766154.0,82766.0,779927.0,4903713.0,62.77,58.4,6.96,29.09,13.35,7.29,16.44,14.15,22.62,1865447.0,1524160.0,340029.0,427159.0,756972.0,3781015.0,1874661.0,41.12
2019,11,15515853.0,9777752.0,9087132.0,690619.0,594460.0,96159.0,5737848.0,82598.0,764550.0,4890954.0,63.02,58.57,7.06,29.31,13.16,7.38,16.61,14.07,22.63,1857735.0,1541874.0,334121.0,440044.0,767709.0,3757817.0,1929551.0,41.28
2019,12,15543054.0,9848686.0,9115641.0,733045.0,634883.0,98162.0,5694368.0,71670.0,1079008.0,4543690.0,63.36,58.65,7.44,29.15,14.15,7.64,16.15,16.39,24.09,1821471.0,1656754.0,357553.0,513178.0,786022.0,3640956.0,1964534.0,41.44
2020,1,15570352.0,9831245.0,9063374.0,767871.0,666714.0,101158.0,5739107.0,70660.0,1287968.0,4380479.0,63.14,58.21,7.81,29.02,15.61,8.07,15.87,18.37,25.3,1754720.0,1773629.0,356519.0,541479.0,875632.0,3530013.0,1939226.0,41.72
2020,2,15597572.0,9744229.0,8942425.0,801805.0,703299.0,98506.0,5853343.0,73196.0,1506086.0,4274061.0,62.47,57.33,8.23,28.86,16.73,8.53,15.59,20.42,26.56,1727455.0,1824069.0,341588.0,568229.0,914252.0,3446736.0,1828322.0,41.65
2020,3,15624834.0,9050658.0,8235931.0,814727.0,734804.0,79923.0,6574176.0,58441.0,1718398.0,4797337.0,57.92,52.71,9.0,26.31,16.13,9.33,15.84,23.75,29.23,1512077.0,1735258.0,297517.0,517304.0,920438.0,3323519.0,1578484.0,41.71
2020,4,15652082.0,8390883.0,7450523.0,940361.0,878813.0,61548.0,7261199.0,38999.0,1945130.0,5277070.0,53.61,47.6,11.21,23.55,16.2,11.45,18.0,28.07,33.4,1368288.0,1630056.0,267467.0,465982.0,896607.0,3094889.0,1306886.0,41.41
2020,5,15679416.0,8136699.0,7142568.0,994130.0,936389.0,57742.0,7542717.0,34926.0,2017759.0,5490033.0,51.89,45.55,12.22,22.36,16.58,12.42,18.83,29.79,34.93,1272108.0,1614282.0,276730.0,430007.0,907545.0,2999653.0,1223144.0,41.44
2020,6,15706605.0,8138639.0,7073193.0,1065447.0,994168.0,71279.0,7567966.0,43333.0,1970988.0,5553644.0,51.82,45.03,13.09,22.31,17.63,13.33,19.95,30.19,35.52,1296710.0,1629110.0,279074.0,400656.0,949380.0,2962542.0,1161739.0,41.22
2020,7,15729265.0,8257210.0,7191414.0,1065796.0,993505.0,72291.0,7472055.0,41090.0,1852571.0,5578394.0,52.5,45.72,12.91,22.53,17.81,13.12,19.49,29.01,34.21,1320342.0,1634966.0,279451.0,396600.0,958915.0,3027456.0,1183662.0,41.21
2020,8,15746866.0,8402637.0,7365055.0,1037582.0,965691.0,71891.0,7344229.0,51474.0,1767415.0,5525340.0,53.36,46.77,12.35,23.49,17.39,12.67,19.0,27.8,33.03,1371080.0,1664453.0,274741.0,417464.0,972247.0,3092615.0,1210205.0,41.14
2020,9,15764525.0,8671570.0,7667659.0,1003911.0,939216.0,64695.0,7092955.0,62098.0,1526463.0,5504394.0,55.01,48.64,11.58,25.12,16.87,11.94,18.17,25.08,30.38,1463789.0,1705548.0,300263.0,434832.0,970453.0,3200397.0,1266724.0,41.09
2020,10,15782138.0,8871076.0,7916724.0,954352.0,879222.0,75130.0,6911062.0,81182.0,1334270.0,5495610.0,56.21,50.16,10.76,26.68,16.13,11.22,17.3,22.78,28.06,1534382.0,1754913.0,322717.0,459816.0,972380.0,3302028.0,1294608.0,40.97
2020,11,15799928.0,8946480.0,8026217.0,920263.0,837060.0,83204.0,6853448.0,79256.0,1244725.0,5529467.0,56.62,50.8,10.29,26.98,15.65,10.74,16.58,21.6,26.73,1567744.0,1769434.0,322106.0,473237.0,974091.0,3345064.0,1304724.0,40.95
2020,12,15817719.0,9046634.0,8121420.0,925214.0,836774.0,88440.0,6771085.0,78035.0,1225749.0,5467301.0,57.19,51.34,10.23,27.08,15.73,10.69,16.4,21.3,26.33,1569858.0,1784326.0,322337.0,485004.0,976985.0,3391514.0,1335536.0,40.98
2021,1,15835398.0,9105948.0,8167623.0,938324.0,843781.0,94543.0,6729450.0,81438.0,1238949.0,5409063.0,57.5,51.58,10.3,26.46,15.89,10.82,16.32,21.44,26.29,1541797.0,1783742.0,327420.0,473974.0,982348.0,3468133.0,1324511.0,41.09
2021,2,15853046.0,9089294.0,8148206.0,941088.0,852554.0,88534.0,6763752.0,76676.0,1211015.0,5476061.0,57.33,51.4,10.35,26.69,15.95,10.85,16.38,21.28,26.16,1521764.0,1789911.0,333624.0,470877.0,985411.0,3479157.0,1314998.0,41.12
2021,3,15870679.0,9029103.0,8104129.0,924974.0,837221.0,87754.0,6841576.0,71709.0,1210926.0,5558941.0,56.89,51.06,10.24,26.2,15.65,10.72,16.05,21.23,25.93,1500400.0,1781510.0,332077.0,457868.0,991565.0,3512317.0,1273394.0,41.13
2021,4,15888394.0,8938272.0,8041110.0,897161.0,821587.0,75575.0,6950122.0,56779.0,1185491.0,5707853.0,56.26,50.61,10.04,26.1,15.14,10.44,15.87,20.88,25.68,1515113.0,1760815.0,319023.0,461079.0,980713.0,3484267.0,1250403.0,40.97
2021,5,15906102.0,8884950.0,8041191.0,843758.0,776891.0,66867.0,7021152.0,58067.0,1192129.0,5770956.0,55.86,50.55,9.5,25.96,14.67,9.93,15.46,20.54,25.42,1529796.0,1742409.0,333133.0,452262.0,957013.0,3497756.0,1240778.0,40.84
2021,6,15923835.0,8948328.0,8148948.0,799380.0,736776.0,62604.0,6975507.0,59857.0,1095090.0,5820560.0,56.19,51.17,8.93,26.89,14.16,9.35,15.17,19.19,24.38,1579679.0,1743932.0,322663.0,455776.0,965493.0,3527250.0,1267281.0,40.74
2021,7,15939249.0,9030678.0,8258775.0,771903.0,709393.0,62510.0,6908571.0,67564.0,994487.0,5846519.0,56.66,51.81,8.55,27.13,13.66,8.99,14.52,17.98,22.96,1624600.0,1737680.0,329781.0,452035.0,955865.0,3611861.0,1254931.0,40.7
2021,8,15952365.0,9111082.0,8345240.0,765842.0,703780.0,62062.0,6841283.0,67662.0,907185.0,5866436.0,57.11,52.31,8.41,27.65,13.65,8.84,14.38,17.06,22.1,1684689.0,1752245.0,322529.0,471565.0,958150.0,3618120.0,1246254.0,40.57
2021,9,15965393.0,9199520.0,8456511.0,743008.0,675330.0,67678.0,6765873.0,72309.0,863903.0,5829662.0,57.62,52.97,8.08,27.93,13.4,8.58,13.86,16.39,21.21,1721442.0,1753832.0,332358.0,495782.0,925691.0,3608911.0,1323958.0,40.56
2021,10,15978363.0,9255050.0,8558362.0,696688.0,630366.0,66321.0,6723313.0,73254.0,844311.0,5805748.0,57.92,53.56,7.53,28.21,12.88,8.03,13.16,15.68,20.38,1726608.0,1776084.0,334463.0,505897.0,935724.0,3605739.0,1397696.0,40.66
2021,11,15991432.0,9350584.0,8678287.0,672297.0,604333.0,67964.0,6640848.0,73608.0,847845.0,5719395.0,58.47,54.27,7.19,28.28,12.23,7.68,12.34,15.32,19.59,1687871.0,1827361.0,351510.0,508746.0,967105.0,3677150.0,1446258.0,40.89
2021,12,16004483.0,9396126.0,8712890.0,683236.0,611248.0,71988.0,6608357.0,76983.0,858636.0,5672739.0,58.71,54.44,7.27,28.03,12.11,7.72,12.31,15.41,19.62,1656800.0,1878249.0,354638.0,520846.0,1002766.0,3702416.0,1432350.0,41.0
2022,1,16017428.0,9479464.0,8768645.0,710820.0,632039.0,78780.0,6537964.0,74778.0,889554.0,5573632.0,59.18,54.74,7.5,27.81,12.25,7.93,12.36,15.79,19.85,1612773.0,1944961.0,348439.0,560277.0,1036245.0,3749987.0,1413539.0,41.13
2022,2,16030541.0,9541602.0,8797561.0,744041.0,655651.0,88391.0,6488939.0,80556.0,850820.0,5557562.0,59.52,54.88,7.8,27.27,12.6,8.25,12.69,15.73,19.81,1611802.0,1934952.0,334263.0,579561.0,1021129.0,3783466.0,1414371.0,41.17
2022,3,16043616.0,9577493.0,8835478.0,742016.0,660650.0,81365.0,6466123.0,75073.0,793774.0,5597276.0,59.7,55.07,7.75,27.17,12.69,8.21,12.49,15.2,19.16,1625642.0,1918130.0,331344.0,560893.0,1025892.0,3824617.0,1412822.0,41.15
2022,4,16056612.0,9604618.0,8855076.0,749542.0,673556.0,75986.0,6451994.0,69722.0,779846.0,5602425.0,59.82,55.15,7.8,27.35,13.03,8.25,12.7,15.11,19.23,1685930.0,1889785.0,336617.0,541113.0,1012054.0,3809593.0,1424184.0,41.02
2022,5,16069655.0,9587345.0,8838432.0,748913.0,680554.0,68359.0,6482310.0,61795.0,799215.0,5621301.0,59.66,55.0,7.81,27.11,12.89,8.19,12.67,15.23,19.36,1692710.0,1900180.0,326175.0,531330.0,1042674.0,3823109.0,1389066.0,40.87
2022,6,16082690.0,9610900.0,8849831.0,761069.0,693788.0,67281.0,6471790.0,59199.0,829084.0,5583507.0,59.76,55.03,7.92,26.64,13.1,8.29,13.0,15.55,19.88,1695875.0,1935946.0,335636.0,537975.0,1062335.0,3847399.0,1346663.0,40.8
2022,7,16095411.0,9615766.0,8853293.0,762473.0,696588.0,65884.0,6479645.0,60042.0,811369.0,5608234.0,59.74,55.01,7.93,26.66,13.0,8.28,12.98,15.39,19.73,1682114.0,1948049.0,335236.0,547763.0,1065051.0,3846442.0,1351078.0,40.82
2022,8,16107712.0,9616732.0,8843544.0,773188.0,708372.0,64816.0,6490980.0,63219.0,825553.0,5602208.0,59.7,54.9,8.04,27.06,13.4,8.41,13.14,15.63,19.98,1698859.0,1952719.0,349557.0,555639.0,1047523.0,3805284.0,1354643.0,40.8
2022,9,16120185.0,9637256.0,8869323.0,767933.0,703158.0,64775.0,6482929.0,67162.0,834544.0,5581223.0,59.78,55.02,7.97,27.67,13.05,8.37,13.05,15.64,19.95,1722943.0,1945669.0,339239.0,559421.0,1047008.0,3793934.0,1367373.0,40.73
2022,10,16132437.0,9650165.0,8883090.0,767075.0,701294.0,65781.0,6482272.0,71288.0,853948.0,5557036.0,59.82,55.06,7.95,27.28,13.17,8.38,13.07,15.79,20.11,1720591.0,1948044.0,350181.0,553793.0,1044070.0,3791777.0,1380734.0,40.73
2022,11,16144885.0,9730299.0,8965230.0,765069.0,689157.0,75912.0,6414586.0,64864.0,875381.0,5474340.0,60.27,55.53,7.86,27.37,12.91,8.26,12.9,15.81,20.06,1706794.0,1987702.0,361633.0,550009.0,1076060.0,3783183.0,1448886.0,40.89
2022,12,16157315.0,9795863.0,9008546.0,787317.0,705299.0,82018.0,6361452.0,63756.0,900259.0,5397436.0,60.63,55.76,8.04,27.27,13.42,8.4,12.77,16.08,20.08,1666262.0,2006168.0,368885.0,541319.0,1095964.0,3828615.0,1471135.0,41.1
2023,1,16169766.0,9854774.0,9030162.0,824612.0,738092.0,86520.0,6314992.0,67642.0,921878.0,5325473.0,60.95,55.85,8.37,27.31,13.81,8.75,12.99,16.53,20.4,1635617.0,2082076.0,359903.0,560364.0,1161810.0,3797631.0,1478032.0,41.25
2023,2,16182118.0,9876077.0,9006145.0,869932.0,789064.0,80868.0,6306041.0,62124.0,892329.0,5351588.0,61.03,55.65,8.81,27.45,14.52,9.15,13.28,16.66,20.44,1639732.0,2079062.0,341099.0,582457.0,1155506.0,3809325.0,1440608.0,41.16
2023,3,16194588.0,9860631.0,9006729.0,853902.0,781373.0,72529.0,6333957.0,57238.0,854581.0,5422138.0,60.89,55.62,8.66,27.36,14.45,8.99,13.2,16.22,20.1,1662074.0,2145450.0,352007.0,636625.0,1156817.0,3752675.0,1410826.0,40.94
2023,4,16206908.0,9876146.0,9034231.0,841916.0,774400.0,67515.0,6330762.0,50213.0,840063.0,5440486.0,60.94,55.74,8.52,27.38,14.38,8.83,13.23,15.95,20.01,1706818.0,2110886.0,352657.0,642075.0,1116154.0,3797384.0,1390746.0,40.8
2023,5,16219348.0,9877419.0,9035114.0,842305.0,773322.0,68984.0,6341929.0,56434.0,875423.0,5410072.0,60.9,55.71,8.53,27.18,14.58,8.87,13.53,16.27,20.55,1724187.0,2156277.0,370236.0,648372.0,1137670.0,3766892.0,1357792.0,40.67
2023,6,16231718.0,9896817.0,9028647.0,868170.0,795649.0,72521.0,6334901.0,66720.0,904263.0,5363918.0,60.97,55.62,8.77,26.87,15.02,9.17,14.03,16.74,21.2,1731521.0,2159006.0,362908.0,649114.0,1146985.0,3738047.0,1370376.0,40.64
2023,7,16244301.0,9895618.0,9005443.0,890175.0,814665.0,75510.0,6348683.0,68465.0,925250.0,5354968.0,60.92,55.44,9.0,26.72,15.36,9.38,14.44,17.1,21.73,1751079.0,2164671.0,351619.0,669108.0,1143944.0,3708251.0,1347199.0,40.52
2023,8,16256834.0,9906411.0,9023452.0,882959.0,811322.0,71637.0,6350423.0,70792.0,921138.0,5358492.0,60.94,55.51,8.91,26.68,15.52,9.32,14.39,17.0,21.65,1739264.0,2169333.0,333392.0,683458.0,1152483.0,3737196.0,1349053.0,40.63
2023,9,16269360.0,9935943.0,9052989.0,882955.0,813192.0,69762.0,6333417.0,65638.0,886766.0,5381013.0,61.07,55.64,8.89,27.04,15.31,9.27,14.25,16.68,21.25,1770719.0,2189234.0,343996.0,679809.0,1165430.0,3715519.0,1354383.0,40.59
2023,10,16281885.0,10012773.0,9138417.0,874357.0,799196.0,75161.0,6269112.0,67764.0,864386.0,5336962.0,61.5,56.13,8.73,27.46,15.23,9.14,14.08,16.33,20.88,1781483.0,2244643.0,369880.0,687996.0,1186766.0,3702748.0,1392794.0,40.65
2023,11,16294474.0,10077246.0,9223135.0,854111.0,768383.0,85728.0,6217228.0,62224.0,886688.0,5268316.0,61.84,56.6,8.48,27.53,14.61,8.85,13.6,16.2,20.56,1786436.0,2275916.0,391924.0,703416.0,1180576.0,3706928.0,1432181.0,40.71
2023,12,16306894.0,10127768.0,9273426.0,854341.0,759342.0,94999.0,6179127.0,64552.0,954803.0,5159771.0,62.11,56.87,8.44,27.55,14.76,8.81,13.56,16.64,20.98,1761092.0,2317010.0,388336.0,734998.0,1193676.0,3696719.0,1478288.0,40.87
2024,1,16319447.0,10174908.0,9309608.0,865300.0,771426.0,93874.0,6144539.0,65620.0,1004133.0,5074785.0,62.35,57.05,8.5,27.38,14.87,8.89,13.66,17.04,21.38,1744768.0,2321432.0,368833.0,741695.0,1210904.0,3716501.0,1505393.0,41.01
2024,2,16332017.0,10193231.0,9308685.0,884546.0,793178.0,91368.0,6138786.0,69309.0,979224.0,5090253.0,62.41,57.0,8.68,28.09,15.34,9.07,13.83,17.01,21.35,1748888.0,2335334.0,363143.0,757182.0,1215009.0,3680149.0,1527405.0,40.95
2024,3,16344540.0,10209534.0,9339296.0,870239.0,785126.0,85112.0,6135006.0,57513.0,919796.0,5157697.0,62.46,57.14,8.52,28.21,15.03,8.86,13.69,16.37,20.8,1776808.0,2438931.0,362175.0,790421.0,1286336.0,3608339.0,1496799.0,40.76
2024,4,16357075.0,10177708.0,9331647.0,846061.0,766419.0,79641.0,6179367.0,48281.0,865923.0,5265163.0,62.22,57.05,8.31,28.21,14.71,8.6,13.42,15.74,20.19,1802139.0,2921530.0,370446.0,879619.0,1671465.0,3137466.0,1450743.0,40.47
2024,5,16369690.0,10170425.0,9321380.0,849045.0,779972.0,69074.0,6199265.0,43602.0,858707.0,5296957.0,62.13,56.94,8.35,28.23,14.73,8.6,13.95,15.7,20.63,1826424.0,3531715.0,378309.0,968908.0,2184498.0,2523352.0,1417063.0,40.24
2024,6,16382117.0,10137870.0,9257480.0,880390.0,812672.0,67719.0,6244247.0,42743.0,903813.0,5297690.0,61.88,56.51,8.68,27.62,15.2,8.94,14.33,16.38,21.33,1825649.0,4078019.0,375211.0,1017761.0,2685047.0,1962326.0,1369962.0,40.08
2024,7,16394524.0,10137429.0,9235064.0,902365.0,833130.0,69235.0,6257095.0,40226.0,931601.0,5285268.0,61.83,56.33,8.9,27.58,15.68,9.14,14.48,16.77,21.66,1833249.0,4369480.0,377589.0,1040423.0,2951468.0,1660350.0,1346329.0,39.97
2024,8,16406966.0,10128900.0,9243400.0,885500.0,810850.0,74650.0,6278066.0,40728.0,957466.0,5279872.0,61.74,56.34,8.74,26.99,15.51,8.99,14.33,16.83,21.72,1852414.0,4535582.0,362018.0,1058724.0,3114840.0,1535094.0,1296836.0,39.85
2024,9,16419404.0,10117034.0,9248984.0,868050.0,793282.0,74767.0,6302370.0,48451.0,949246.0,5304672.0,61.62,56.33,8.58,27.05,15.14,8.85,14.16,16.65,21.5,1846280.0,4621712.0,369959.0,1078587.0,3173165.0,1471489.0,1278651.0,39.82
2024,10,16431771.0,10117368.0,9285958.0,831410.0,756905.0,74505.0,6314403.0,58911.0,953513.0,5301979.0,61.57,56.51,8.22,26.9,14.79,8.57,13.97,16.41,21.36,1864836.0,4657031.0,376934.0,1092989.0,3187109.0,1433466.0,1300628.0,39.78
2024,11,16444212.0,10124056.0,9306059.0,817996.0,737881.0,80116.0,6320156.0,59724.0,967038.0,5293395.0,61.57,56.59,8.08,26.37,14.48,8.43,13.52,16.39,21.03,1845748.0,4700568.0,394040.0,1073047.0,3233481.0,1368796.0,1356669.0,39.97
2024,12,16456583.0,10213545.0,9394112.0,819433.0,727107.0,92326.0,6243038.0,64901.0,984470.0,5193668.0,62.06,57.08,8.02,26.26,14.8,8.39,13.46,16.42,21.04,1841394.0,4823116.0,387903.0,1122682.0,3312531.0,1304737.0,1392208.0,40.08
2025,1,16468905.0,10256604.0,9396874.0,859731.0,762982.0,96749.0,6212301.0,63367.0,1002044.0,5146890.0,62.28,57.06,8.38,26.05,15.22,8.73,13.72,16.82,21.37,1773775.0,4940780.0,383290.0,1153541.0,3403949.0,1236675.0,1418423.0,40.32
2025,2,16481383.0,10284511.0,9388838.0,895673.0,802990.0,92683.0,6196872.0,61175.0,974037.0,5161661.0,62.4,56.97,8.71,25.78,15.83,9.03,14.04,16.88,21.45,1778152.0,5023315.0,376984.0,1209011.0,3437320.0,1178453.0,1388250.0,40.19
